attribute,target_column,target_file,task_type,strategy,splitter,fold,n_folds,prediction,n_train_labels,n_valid_labels,n_train_assets,n_valid_assets,train_majority_count,train_majority_share,accuracy,weighted_f1,macro_f1
attr_abutment_material,attr_abutment_material,data/processed/train/attr_abutment_material_train.csv,classification,majority_class_group_cv,GroupKFold,1,5,Timber,909,225,460,116,558,0.6138613861386139,0.5911111111111111,0.439205462445686,0.1857541899441341
attr_abutment_material,attr_abutment_material,data/processed/train/attr_abutment_material_train.csv,classification,uniform_random_group_cv,GroupKFold,1,5,,909,225,460,116,558,0.6138613861386139,0.13777777777777778,0.193106561055279,0.09157587426818196
attr_abutment_material,attr_abutment_material,data/processed/train/attr_abutment_material_train.csv,classification,stratified_random_group_cv,GroupKFold,1,5,,909,225,460,116,558,0.6138613861386139,0.4311111111111111,0.42758643281326153,0.24724320611014772
attr_abutment_material,attr_abutment_material,data/processed/train/attr_abutment_material_train.csv,classification,majority_class_group_cv,GroupKFold,2,5,Timber,897,237,461,115,542,0.6042363433667781,0.6286919831223629,0.4853632408561247,0.1544041450777202
attr_abutment_material,attr_abutment_material,data/processed/train/attr_abutment_material_train.csv,classification,uniform_random_group_cv,GroupKFold,2,5,,897,237,461,115,542,0.6042363433667781,0.14767932489451477,0.19786081512836734,0.10477343129145787
attr_abutment_material,attr_abutment_material,data/processed/train/attr_abutment_material_train.csv,classification,stratified_random_group_cv,GroupKFold,2,5,,897,237,461,115,542,0.6042363433667781,0.4641350210970464,0.46472628358406226,0.21892561700619875
attr_abutment_material,attr_abutment_material,data/processed/train/attr_abutment_material_train.csv,classification,majority_class_group_cv,GroupKFold,3,5,Timber,931,203,461,115,570,0.6122448979591837,0.5960591133004927,0.44520464635407164,0.14938271604938272
attr_abutment_material,attr_abutment_material,data/processed/train/attr_abutment_material_train.csv,classification,uniform_random_group_cv,GroupKFold,3,5,,931,203,461,115,570,0.6122448979591837,0.1330049261083744,0.18002238613219096,0.0885119719965455
attr_abutment_material,attr_abutment_material,data/processed/train/attr_abutment_material_train.csv,classification,stratified_random_group_cv,GroupKFold,3,5,,931,203,461,115,570,0.6122448979591837,0.4187192118226601,0.4074299161902167,0.19076585472898838
attr_abutment_material,attr_abutment_material,data/processed/train/attr_abutment_material_train.csv,classification,majority_class_group_cv,GroupKFold,4,5,Timber,918,216,461,115,576,0.6274509803921569,0.5324074074074074,0.3699507664764462,0.17371601208459214
attr_abutment_material,attr_abutment_material,data/processed/train/attr_abutment_material_train.csv,classification,uniform_random_group_cv,GroupKFold,4,5,,918,216,461,115,576,0.6274509803921569,0.1574074074074074,0.21196715393554474,0.10750802526664595
attr_abutment_material,attr_abutment_material,data/processed/train/attr_abutment_material_train.csv,classification,stratified_random_group_cv,GroupKFold,4,5,,918,216,461,115,576,0.6274509803921569,0.4074074074074074,0.39462692278972517,0.22744455645161288
attr_abutment_material,attr_abutment_material,data/processed/train/attr_abutment_material_train.csv,classification,majority_class_group_cv,GroupKFold,5,5,Timber,881,253,461,115,518,0.5879682179341658,0.6837944664031621,0.555382360036371,0.1624413145539906
attr_abutment_material,attr_abutment_material,data/processed/train/attr_abutment_material_train.csv,classification,uniform_random_group_cv,GroupKFold,5,5,,881,253,461,115,518,0.5879682179341658,0.15810276679841898,0.21853988016706838,0.08296546000993633
attr_abutment_material,attr_abutment_material,data/processed/train/attr_abutment_material_train.csv,classification,stratified_random_group_cv,GroupKFold,5,5,,881,253,461,115,518,0.5879682179341658,0.42292490118577075,0.4426243856028614,0.18087292380710934
attr_bridge_type,attr_bridge_type,data/processed/train/attr_bridge_type_train.csv,classification,majority_class_group_cv,StratifiedGroupKFold,1,5,Beam,933,233,491,123,788,0.8445873526259379,0.8454935622317596,0.7747080546960775,0.1832558139534884
attr_bridge_type,attr_bridge_type,data/processed/train/attr_bridge_type_train.csv,classification,uniform_random_group_cv,StratifiedGroupKFold,1,5,,933,233,491,123,788,0.8445873526259379,0.1888412017167382,0.28078635403006463,0.10068898438437639
attr_bridge_type,attr_bridge_type,data/processed/train/attr_bridge_type_train.csv,classification,stratified_random_group_cv,StratifiedGroupKFold,1,5,,933,233,491,123,788,0.8445873526259379,0.7381974248927039,0.7277740928599298,0.18009090909090908
attr_bridge_type,attr_bridge_type,data/processed/train/attr_bridge_type_train.csv,classification,majority_class_group_cv,StratifiedGroupKFold,2,5,Beam,933,233,490,124,788,0.8445873526259379,0.8454935622317596,0.7747080546960775,0.1832558139534884
attr_bridge_type,attr_bridge_type,data/processed/train/attr_bridge_type_train.csv,classification,uniform_random_group_cv,StratifiedGroupKFold,2,5,,933,233,490,124,788,0.8445873526259379,0.2017167381974249,0.2878307453381193,0.12369426960398636
attr_bridge_type,attr_bridge_type,data/processed/train/attr_bridge_type_train.csv,classification,stratified_random_group_cv,StratifiedGroupKFold,2,5,,933,233,490,124,788,0.8445873526259379,0.7339055793991416,0.7235466250487709,0.17909090909090908
attr_bridge_type,attr_bridge_type,data/processed/train/attr_bridge_type_train.csv,classification,majority_class_group_cv,StratifiedGroupKFold,3,5,Beam,933,233,491,123,788,0.8445873526259379,0.8454935622317596,0.7747080546960775,0.1832558139534884
attr_bridge_type,attr_bridge_type,data/processed/train/attr_bridge_type_train.csv,classification,uniform_random_group_cv,StratifiedGroupKFold,3,5,,933,233,491,123,788,0.8445873526259379,0.15879828326180256,0.24131593520697775,0.08021091811414392
attr_bridge_type,attr_bridge_type,data/processed/train/attr_bridge_type_train.csv,classification,stratified_random_group_cv,StratifiedGroupKFold,3,5,,933,233,491,123,788,0.8445873526259379,0.7381974248927039,0.7285884597043395,0.18777777777777777
attr_bridge_type,attr_bridge_type,data/processed/train/attr_bridge_type_train.csv,classification,majority_class_group_cv,StratifiedGroupKFold,4,5,Beam,932,234,493,121,788,0.8454935622317596,0.8418803418803419,0.7696075515101036,0.182830626450116
attr_bridge_type,attr_bridge_type,data/processed/train/attr_bridge_type_train.csv,classification,uniform_random_group_cv,StratifiedGroupKFold,4,5,,932,234,493,121,788,0.8454935622317596,0.16666666666666666,0.25687938308130615,0.08323717948717949
attr_bridge_type,attr_bridge_type,data/processed/train/attr_bridge_type_train.csv,classification,stratified_random_group_cv,StratifiedGroupKFold,4,5,,932,234,493,121,788,0.8454935622317596,0.7393162393162394,0.7280587704527854,0.19624272651704072
attr_bridge_type,attr_bridge_type,data/processed/train/attr_bridge_type_train.csv,classification,majority_class_group_cv,StratifiedGroupKFold,5,5,Beam,933,233,491,123,788,0.8445873526259379,0.8454935622317596,0.7747080546960775,0.1832558139534884
attr_bridge_type,attr_bridge_type,data/processed/train/attr_bridge_type_train.csv,classification,uniform_random_group_cv,StratifiedGroupKFold,5,5,,933,233,491,123,788,0.8445873526259379,0.18025751072961374,0.2823357137831563,0.08405737704918033
attr_bridge_type,attr_bridge_type,data/processed/train/attr_bridge_type_train.csv,classification,stratified_random_group_cv,StratifiedGroupKFold,5,5,,933,233,491,123,788,0.8445873526259379,0.7424892703862661,0.7326511900117051,0.18918181818181817
attr_decking_material,attr_decking_material,data/processed/train/attr_decking_material_train.csv,classification,majority_class_group_cv,GroupKFold,1,5,Timber,2357,578,1484,372,2204,0.9350869749681799,0.9083044982698962,0.864659767165359,0.19038984587488667
attr_decking_material,attr_decking_material,data/processed/train/attr_decking_material_train.csv,classification,uniform_random_group_cv,GroupKFold,1,5,,2357,578,1484,372,2204,0.9350869749681799,0.17474048442906576,0.2739727969952924,0.07134146114793859
attr_decking_material,attr_decking_material,data/processed/train/attr_decking_material_train.csv,classification,stratified_random_group_cv,GroupKFold,1,5,,2357,578,1484,372,2204,0.9350869749681799,0.856401384083045,0.8403938815768198,0.1542056074766355
attr_decking_material,attr_decking_material,data/processed/train/attr_decking_material_train.csv,classification,majority_class_group_cv,GroupKFold,2,5,Timber,2326,609,1485,371,2156,0.9269131556319863,0.9408866995073891,0.9122302518066565,0.24238578680203046
attr_decking_material,attr_decking_material,data/processed/train/attr_decking_material_train.csv,classification,uniform_random_group_cv,GroupKFold,2,5,,2326,609,1485,371,2156,0.9269131556319863,0.17733990147783252,0.2849756694528849,0.06603731961085058
attr_decking_material,attr_decking_material,data/processed/train/attr_decking_material_train.csv,classification,stratified_random_group_cv,GroupKFold,2,5,,2326,609,1485,371,2156,0.9269131556319863,0.8850574712643678,0.8880620509169507,0.17232368720985183
attr_decking_material,attr_decking_material,data/processed/train/attr_decking_material_train.csv,classification,majority_class_group_cv,GroupKFold,3,5,Timber,2338,597,1485,371,2165,0.9260051325919589,0.9447236180904522,0.9178710087907237,0.1943152454780362
attr_decking_material,attr_decking_material,data/processed/train/attr_decking_material_train.csv,classification,uniform_random_group_cv,GroupKFold,3,5,,2338,597,1485,371,2165,0.9260051325919589,0.18592964824120603,0.29780026259937403,0.06949332558599819
attr_decking_material,attr_decking_material,data/processed/train/attr_decking_material_train.csv,classification,stratified_random_group_cv,GroupKFold,3,5,,2338,597,1485,371,2165,0.9260051325919589,0.8827470686767169,0.8872854035992243,0.1620156944700555
attr_decking_material,attr_decking_material,data/processed/train/attr_decking_material_train.csv,classification,majority_class_group_cv,GroupKFold,4,5,Timber,2376,559,1485,371,2212,0.930976430976431,0.924865831842576,0.8887651209342228,0.19219330855018588
attr_decking_material,attr_decking_material,data/processed/train/attr_decking_material_train.csv,classification,uniform_random_group_cv,GroupKFold,4,5,,2376,559,1485,371,2212,0.930976430976431,0.17889087656529518,0.2881346274182284,0.06522532343843314
attr_decking_material,attr_decking_material,data/processed/train/attr_decking_material_train.csv,classification,stratified_random_group_cv,GroupKFold,4,5,,2376,559,1485,371,2212,0.930976430976431,0.8658318425760286,0.8610155938083021,0.19169601878535594
attr_decking_material,attr_decking_material,data/processed/train/attr_decking_material_train.csv,classification,majority_class_group_cv,GroupKFold,5,5,Timber,2343,592,1485,371,2179,0.9300042680324371,0.9290540540540541,0.8948856912954987,0.24080560420315236
attr_decking_material,attr_decking_material,data/processed/train/attr_decking_material_train.csv,classification,uniform_random_group_cv,GroupKFold,5,5,,2343,592,1485,371,2179,0.9300042680324371,0.18412162162162163,0.2868086151619574,0.07665549945892985
attr_decking_material,attr_decking_material,data/processed/train/attr_decking_material_train.csv,classification,stratified_random_group_cv,GroupKFold,5,5,,2343,592,1485,371,2179,0.9300042680324371,0.8699324324324325,0.8644315046754071,0.1550737729599518
attr_has_edge_guard,attr_has_edge_guard,data/processed/train/attr_has_edge_guard_train.csv,classification,majority_class_group_cv,StratifiedGroupKFold,1,5,No,2069,518,1376,345,1857,0.8975350410826486,0.8957528957528957,0.8464956082064025,0.4725050916496945
attr_has_edge_guard,attr_has_edge_guard,data/processed/train/attr_has_edge_guard_train.csv,classification,uniform_random_group_cv,StratifiedGroupKFold,1,5,,2069,518,1376,345,1857,0.8975350410826486,0.5096525096525096,0.60150081578653,0.4132117882117882
attr_has_edge_guard,attr_has_edge_guard,data/processed/train/attr_has_edge_guard_train.csv,classification,stratified_random_group_cv,StratifiedGroupKFold,1,5,,2069,518,1376,345,1857,0.8975350410826486,0.8243243243243243,0.8188941628662072,0.5008418488907714
attr_has_edge_guard,attr_has_edge_guard,data/processed/train/attr_has_edge_guard_train.csv,classification,majority_class_group_cv,StratifiedGroupKFold,2,5,No,2069,518,1377,344,1856,0.8970517158047366,0.8976833976833977,0.8492833772589622,0.47304170905391657
attr_has_edge_guard,attr_has_edge_guard,data/processed/train/attr_has_edge_guard_train.csv,classification,uniform_random_group_cv,StratifiedGroupKFold,2,5,,2069,518,1377,344,1856,0.8970517158047366,0.5231660231660231,0.6135267680689324,0.428309718815208
attr_has_edge_guard,attr_has_edge_guard,data/processed/train/attr_has_edge_guard_train.csv,classification,stratified_random_group_cv,StratifiedGroupKFold,2,5,,2069,518,1377,344,1856,0.8970517158047366,0.8301158301158301,0.8255638055638056,0.512991452991453
attr_has_edge_guard,attr_has_edge_guard,data/processed/train/attr_has_edge_guard_train.csv,classification,majority_class_group_cv,StratifiedGroupKFold,3,5,No,2070,517,1377,344,1857,0.8971014492753623,0.8974854932301741,0.8489974900281362,0.47298674821610603
attr_has_edge_guard,attr_has_edge_guard,data/processed/train/attr_has_edge_guard_train.csv,classification,uniform_random_group_cv,StratifiedGroupKFold,3,5,,2070,517,1377,344,1857,0.8971014492753623,0.5261121856866537,0.61573490294497,0.4324765109391592
attr_has_edge_guard,attr_has_edge_guard,data/processed/train/attr_has_edge_guard_train.csv,classification,stratified_random_group_cv,StratifiedGroupKFold,3,5,,2070,517,1377,344,1857,0.8971014492753623,0.8259187620889749,0.8212554723967546,0.5018201284796574
attr_has_edge_guard,attr_has_edge_guard,data/processed/train/attr_has_edge_guard_train.csv,classification,majority_class_group_cv,StratifiedGroupKFold,4,5,No,2070,517,1377,344,1857,0.8971014492753623,0.8974854932301741,0.8489974900281362,0.47298674821610603
attr_has_edge_guard,attr_has_edge_guard,data/processed/train/attr_has_edge_guard_train.csv,classification,uniform_random_group_cv,StratifiedGroupKFold,4,5,,2070,517,1377,344,1857,0.8971014492753623,0.5183752417794971,0.6094611870746839,0.42321082132183935
attr_has_edge_guard,attr_has_edge_guard,data/processed/train/attr_has_edge_guard_train.csv,classification,stratified_random_group_cv,StratifiedGroupKFold,4,5,,2070,517,1377,344,1857,0.8971014492753623,0.8143133462282398,0.809339170556538,0.4686081370449679
attr_has_edge_guard,attr_has_edge_guard,data/processed/train/attr_has_edge_guard_train.csv,classification,majority_class_group_cv,StratifiedGroupKFold,5,5,No,2070,517,1377,344,1857,0.8971014492753623,0.8974854932301741,0.8489974900281362,0.47298674821610603
attr_has_edge_guard,attr_has_edge_guard,data/processed/train/attr_has_edge_guard_train.csv,classification,uniform_random_group_cv,StratifiedGroupKFold,5,5,,2070,517,1377,344,1857,0.8971014492753623,0.5222437137330754,0.612598045009827,0.42784366613049923
attr_has_edge_guard,attr_has_edge_guard,data/processed/train/attr_has_edge_guard_train.csv,classification,stratified_random_group_cv,StratifiedGroupKFold,5,5,,2070,517,1377,344,1857,0.8971014492753623,0.8413926499032882,0.8371438748503763,0.54610278372591
attr_has_pedestrian_railing,attr_has_pedestrian_railing,data/processed/train/attr_has_pedestrian_railing_train.csv,classification,majority_class_group_cv,StratifiedGroupKFold,1,5,No railings,2881,720,1984,496,2484,0.8622006247830615,0.8625,0.7988255033557047,0.3087248322147651
attr_has_pedestrian_railing,attr_has_pedestrian_railing,data/processed/train/attr_has_pedestrian_railing_train.csv,classification,uniform_random_group_cv,StratifiedGroupKFold,1,5,,2881,720,1984,496,2484,0.8622006247830615,0.3333333333333333,0.427380355779196,0.23934298805432827
attr_has_pedestrian_railing,attr_has_pedestrian_railing,data/processed/train/attr_has_pedestrian_railing_train.csv,classification,stratified_random_group_cv,StratifiedGroupKFold,1,5,,2881,720,1984,496,2484,0.8622006247830615,0.7638888888888888,0.7590357261182265,0.3467576175705818
attr_has_pedestrian_railing,attr_has_pedestrian_railing,data/processed/train/attr_has_pedestrian_railing_train.csv,classification,majority_class_group_cv,StratifiedGroupKFold,2,5,No railings,2881,720,1984,496,2484,0.8622006247830615,0.8625,0.7988255033557047,0.3087248322147651
attr_has_pedestrian_railing,attr_has_pedestrian_railing,data/processed/train/attr_has_pedestrian_railing_train.csv,classification,uniform_random_group_cv,StratifiedGroupKFold,2,5,,2881,720,1984,496,2484,0.8622006247830615,0.32916666666666666,0.42570261220658556,0.23235081546937217
attr_has_pedestrian_railing,attr_has_pedestrian_railing,data/processed/train/attr_has_pedestrian_railing_train.csv,classification,stratified_random_group_cv,StratifiedGroupKFold,2,5,,2881,720,1984,496,2484,0.8622006247830615,0.7597222222222222,0.7544499694362158,0.30950925534082535
attr_has_pedestrian_railing,attr_has_pedestrian_railing,data/processed/train/attr_has_pedestrian_railing_train.csv,classification,majority_class_group_cv,StratifiedGroupKFold,3,5,No railings,2881,720,1985,495,2484,0.8622006247830615,0.8625,0.7988255033557047,0.3087248322147651
attr_has_pedestrian_railing,attr_has_pedestrian_railing,data/processed/train/attr_has_pedestrian_railing_train.csv,classification,uniform_random_group_cv,StratifiedGroupKFold,3,5,,2881,720,1985,495,2484,0.8622006247830615,0.3236111111111111,0.42700289811255987,0.22012983384620297
attr_has_pedestrian_railing,attr_has_pedestrian_railing,data/processed/train/attr_has_pedestrian_railing_train.csv,classification,stratified_random_group_cv,StratifiedGroupKFold,3,5,,2881,720,1985,495,2484,0.8622006247830615,0.7708333333333334,0.765775939086459,0.3362891836632114
attr_has_pedestrian_railing,attr_has_pedestrian_railing,data/processed/train/attr_has_pedestrian_railing_train.csv,classification,majority_class_group_cv,StratifiedGroupKFold,4,5,No railings,2880,721,1983,497,2484,0.8625,0.8613037447988904,0.797123137883921,0.30849478390462
attr_has_pedestrian_railing,attr_has_pedestrian_railing,data/processed/train/attr_has_pedestrian_railing_train.csv,classification,uniform_random_group_cv,StratifiedGroupKFold,4,5,,2880,721,1983,497,2484,0.8625,0.3287101248266297,0.42505747422480383,0.23212596445758918
attr_has_pedestrian_railing,attr_has_pedestrian_railing,data/processed/train/attr_has_pedestrian_railing_train.csv,classification,stratified_random_group_cv,StratifiedGroupKFold,4,5,,2880,721,1983,497,2484,0.8625,0.7600554785020804,0.7544295256036424,0.32285692861712406
attr_has_pedestrian_railing,attr_has_pedestrian_railing,data/processed/train/attr_has_pedestrian_railing_train.csv,classification,majority_class_group_cv,StratifiedGroupKFold,5,5,No railings,2881,720,1984,496,2484,0.8622006247830615,0.8625,0.7988255033557047,0.3087248322147651
attr_has_pedestrian_railing,attr_has_pedestrian_railing,data/processed/train/attr_has_pedestrian_railing_train.csv,classification,uniform_random_group_cv,StratifiedGroupKFold,5,5,,2881,720,1984,496,2484,0.8622006247830615,0.3333333333333333,0.436478310830707,0.23014758804927274
attr_has_pedestrian_railing,attr_has_pedestrian_railing,data/processed/train/attr_has_pedestrian_railing_train.csv,classification,stratified_random_group_cv,StratifiedGroupKFold,5,5,,2881,720,1984,496,2484,0.8622006247830615,0.7666666666666667,0.7616392484389769,0.33469046264003
attr_material_frame_tank_body,"attr_material_frame,_tank,_body",data/processed/train/attr_material_frame_tank_body_train.csv,classification,majority_class_group_cv,GroupKFold,1,5,Timber/Wood,1126,290,643,161,686,0.6092362344582594,0.603448275862069,0.45420837968112715,0.09408602150537634
attr_material_frame_tank_body,"attr_material_frame,_tank,_body",data/processed/train/attr_material_frame_tank_body_train.csv,classification,uniform_random_group_cv,GroupKFold,1,5,,1126,290,643,161,686,0.6092362344582594,0.07931034482758621,0.10930284725416572,0.048366814409595164
attr_material_frame_tank_body,"attr_material_frame,_tank,_body",data/processed/train/attr_material_frame_tank_body_train.csv,classification,stratified_random_group_cv,GroupKFold,1,5,,1126,290,643,161,686,0.6092362344582594,0.4413793103448276,0.4315527609335875,0.13844629739511224
attr_material_frame_tank_body,"attr_material_frame,_tank,_body",data/processed/train/attr_material_frame_tank_body_train.csv,classification,majority_class_group_cv,GroupKFold,2,5,Timber/Wood,1119,297,643,161,675,0.6032171581769437,0.6262626262626263,0.4823389171215258,0.11002661934338953
attr_material_frame_tank_body,"attr_material_frame,_tank,_body",data/processed/train/attr_material_frame_tank_body_train.csv,classification,uniform_random_group_cv,GroupKFold,2,5,,1119,297,643,161,675,0.6032171581769437,0.09090909090909091,0.12426353902012748,0.05884812385154148
attr_material_frame_tank_body,"attr_material_frame,_tank,_body",data/processed/train/attr_material_frame_tank_body_train.csv,classification,stratified_random_group_cv,GroupKFold,2,5,,1119,297,643,161,675,0.6032171581769437,0.42424242424242425,0.423648247177659,0.13075330938827145
attr_material_frame_tank_body,"attr_material_frame,_tank,_body",data/processed/train/attr_material_frame_tank_body_train.csv,classification,majority_class_group_cv,GroupKFold,3,5,Timber/Wood,1131,285,643,161,668,0.5906277630415562,0.6771929824561403,0.5468545841591427,0.11536162582187688
attr_material_frame_tank_body,"attr_material_frame,_tank,_body",data/processed/train/attr_material_frame_tank_body_train.csv,classification,uniform_random_group_cv,GroupKFold,3,5,,1131,285,643,161,668,0.5906277630415562,0.08421052631578947,0.12733440354699385,0.04044672553800343
attr_material_frame_tank_body,"attr_material_frame,_tank,_body",data/processed/train/attr_material_frame_tank_body_train.csv,classification,stratified_random_group_cv,GroupKFold,3,5,,1131,285,643,161,668,0.5906277630415562,0.43859649122807015,0.46346309128124236,0.09375371653553165
attr_material_frame_tank_body,"attr_material_frame,_tank,_body",data/processed/train/attr_material_frame_tank_body_train.csv,classification,majority_class_group_cv,GroupKFold,4,5,Timber/Wood,1130,286,643,161,693,0.6132743362831858,0.5874125874125874,0.43473706909830256,0.09251101321585903
attr_material_frame_tank_body,"attr_material_frame,_tank,_body",data/processed/train/attr_material_frame_tank_body_train.csv,classification,uniform_random_group_cv,GroupKFold,4,5,,1130,286,643,161,693,0.6132743362831858,0.12237762237762238,0.17211981476066343,0.07102003989428028
attr_material_frame_tank_body,"attr_material_frame,_tank,_body",data/processed/train/attr_material_frame_tank_body_train.csv,classification,stratified_random_group_cv,GroupKFold,4,5,,1130,286,643,161,693,0.6132743362831858,0.40559440559440557,0.3926528054825654,0.09463363669963809
attr_material_frame_tank_body,"attr_material_frame,_tank,_body",data/processed/train/attr_material_frame_tank_body_train.csv,classification,majority_class_group_cv,GroupKFold,5,5,Timber/Wood,1158,258,644,160,722,0.6234887737478411,0.5387596899224806,0.3772674906761955,0.07002518891687658
attr_material_frame_tank_body,"attr_material_frame,_tank,_body",data/processed/train/attr_material_frame_tank_body_train.csv,classification,uniform_random_group_cv,GroupKFold,5,5,,1158,258,644,160,722,0.6234887737478411,0.10465116279069768,0.1446173082947188,0.060424959696185526
attr_material_frame_tank_body,"attr_material_frame,_tank,_body",data/processed/train/attr_material_frame_tank_body_train.csv,classification,stratified_random_group_cv,GroupKFold,5,5,,1158,258,644,160,722,0.6234887737478411,0.3372093023255814,0.31680370844206746,0.07149569531592002
attr_structure_material,attr_structure_material,data/processed/train/attr_structure_material_train.csv,classification,majority_class_group_cv,GroupKFold,1,5,Timber,2194,545,1406,352,1867,0.8509571558796718,0.8073394495412844,0.7212778838541424,0.2233502538071066
attr_structure_material,attr_structure_material,data/processed/train/attr_structure_material_train.csv,classification,uniform_random_group_cv,GroupKFold,1,5,,2194,545,1406,352,1867,0.8509571558796718,0.21284403669724772,0.2977506358419442,0.12571591053381312
attr_structure_material,attr_structure_material,data/processed/train/attr_structure_material_train.csv,classification,stratified_random_group_cv,GroupKFold,1,5,,2194,545,1406,352,1867,0.8509571558796718,0.7192660550458716,0.6969037282238917,0.20655519372091416
attr_structure_material,attr_structure_material,data/processed/train/attr_structure_material_train.csv,classification,majority_class_group_cv,GroupKFold,2,5,Timber,2192,547,1406,352,1817,0.8289233576642335,0.8957952468007313,0.8465567423960624,0.23625843780135006
attr_structure_material,attr_structure_material,data/processed/train/attr_structure_material_train.csv,classification,uniform_random_group_cv,GroupKFold,2,5,,2192,547,1406,352,1817,0.8289233576642335,0.22851919561243145,0.3354672897315241,0.11615020358673123
attr_structure_material,attr_structure_material,data/processed/train/attr_structure_material_train.csv,classification,stratified_random_group_cv,GroupKFold,2,5,,2192,547,1406,352,1817,0.8289233576642335,0.7550274223034735,0.7774157572810249,0.19518401436209656
attr_structure_material,attr_structure_material,data/processed/train/attr_structure_material_train.csv,classification,majority_class_group_cv,GroupKFold,3,5,Timber,2180,559,1406,352,1858,0.8522935779816514,0.8032200357781754,0.7155670556833348,0.22271825396825398
attr_structure_material,attr_structure_material,data/processed/train/attr_structure_material_train.csv,classification,uniform_random_group_cv,GroupKFold,3,5,,2180,559,1406,352,1858,0.8522935779816514,0.2039355992844365,0.2900102308280719,0.11631740538416954
attr_structure_material,attr_structure_material,data/processed/train/attr_structure_material_train.csv,classification,stratified_random_group_cv,GroupKFold,3,5,,2180,559,1406,352,1858,0.8522935779816514,0.7137745974955277,0.6865295123895847,0.22283371696352322
attr_structure_material,attr_structure_material,data/processed/train/attr_structure_material_train.csv,classification,majority_class_group_cv,GroupKFold,4,5,Timber,2205,534,1407,351,1847,0.8376417233560091,0.8614232209737828,0.7972931220280485,0.3085177733065057
attr_structure_material,attr_structure_material,data/processed/train/attr_structure_material_train.csv,classification,uniform_random_group_cv,GroupKFold,4,5,,2205,534,1407,351,1847,0.8376417233560091,0.21348314606741572,0.3104880977925367,0.11410564726905317
attr_structure_material,attr_structure_material,data/processed/train/attr_structure_material_train.csv,classification,stratified_random_group_cv,GroupKFold,4,5,,2205,534,1407,351,1847,0.8376417233560091,0.7584269662921348,0.7601223003046091,0.21644628791687612
attr_structure_material,attr_structure_material,data/processed/train/attr_structure_material_train.csv,classification,majority_class_group_cv,GroupKFold,5,5,Timber,2185,554,1407,351,1839,0.8416475972540046,0.8447653429602888,0.773679413904922,0.18317025440313112
attr_structure_material,attr_structure_material,data/processed/train/attr_structure_material_train.csv,classification,uniform_random_group_cv,GroupKFold,5,5,,2185,554,1407,351,1839,0.8416475972540046,0.2490974729241877,0.342687713319396,0.12423964717805443
attr_structure_material,attr_structure_material,data/processed/train/attr_structure_material_train.csv,classification,stratified_random_group_cv,GroupKFold,5,5,,2185,554,1407,351,1839,0.8416475972540046,0.7328519855595668,0.7272042572247553,0.22498603091823427
attr_structure_position,attr_structure_position,data/processed/train/attr_structure_position_train.csv,classification,majority_class_group_cv,StratifiedGroupKFold,1,5,At-Grade,830,208,490,123,493,0.5939759036144578,0.5961538461538461,0.4453197405004634,0.24899598393574296
attr_structure_position,attr_structure_position,data/processed/train/attr_structure_position_train.csv,classification,uniform_random_group_cv,StratifiedGroupKFold,1,5,,830,208,490,123,493,0.5939759036144578,0.30288461538461536,0.3570765542128896,0.2548845404209588
attr_structure_position,attr_structure_position,data/processed/train/attr_structure_position_train.csv,classification,stratified_random_group_cv,StratifiedGroupKFold,1,5,,830,208,490,123,493,0.5939759036144578,0.5576923076923077,0.5539334577417913,0.36057891575946743
attr_structure_position,attr_structure_position,data/processed/train/attr_structure_position_train.csv,classification,majority_class_group_cv,StratifiedGroupKFold,2,5,At-Grade,830,208,491,122,494,0.5951807228915663,0.5913461538461539,0.4394898907738787,0.2477341389728097
attr_structure_position,attr_structure_position,data/processed/train/attr_structure_position_train.csv,classification,uniform_random_group_cv,StratifiedGroupKFold,2,5,,830,208,491,122,494,0.5951807228915663,0.3317307692307692,0.395633933374318,0.2773976023976024
attr_structure_position,attr_structure_position,data/processed/train/attr_structure_position_train.csv,classification,stratified_random_group_cv,StratifiedGroupKFold,2,5,,830,208,491,122,494,0.5951807228915663,0.49038461538461536,0.4846923076923077,0.3154767932489451
attr_structure_position,attr_structure_position,data/processed/train/attr_structure_position_train.csv,classification,majority_class_group_cv,StratifiedGroupKFold,3,5,At-Grade,830,208,489,124,493,0.5939759036144578,0.5961538461538461,0.4453197405004634,0.24899598393574296
attr_structure_position,attr_structure_position,data/processed/train/attr_structure_position_train.csv,classification,uniform_random_group_cv,StratifiedGroupKFold,3,5,,830,208,489,124,493,0.5939759036144578,0.28365384615384615,0.3376171401725886,0.23565127325975924
attr_structure_position,attr_structure_position,data/processed/train/attr_structure_position_train.csv,classification,stratified_random_group_cv,StratifiedGroupKFold,3,5,,830,208,489,124,493,0.5939759036144578,0.5096153846153846,0.5043027302841548,0.3276575227751415
attr_structure_position,attr_structure_position,data/processed/train/attr_structure_position_train.csv,classification,majority_class_group_cv,StratifiedGroupKFold,4,5,At-Grade,831,207,492,121,494,0.5944645006016848,0.5942028985507246,0.4429512516469038,0.2484848484848485
attr_structure_position,attr_structure_position,data/processed/train/attr_structure_position_train.csv,classification,uniform_random_group_cv,StratifiedGroupKFold,4,5,,831,207,492,121,494,0.5944645006016848,0.30917874396135264,0.3565832826411026,0.2655070034072268
attr_structure_position,attr_structure_position,data/processed/train/attr_structure_position_train.csv,classification,stratified_random_group_cv,StratifiedGroupKFold,4,5,,831,207,492,121,494,0.5944645006016848,0.47342995169082125,0.4678647342995169,0.3031111111111111
attr_structure_position,attr_structure_position,data/processed/train/attr_structure_position_train.csv,classification,majority_class_group_cv,StratifiedGroupKFold,5,5,At-Grade,831,207,490,123,494,0.5944645006016848,0.5942028985507246,0.4429512516469038,0.2484848484848485
attr_structure_position,attr_structure_position,data/processed/train/attr_structure_position_train.csv,classification,uniform_random_group_cv,StratifiedGroupKFold,5,5,,831,207,490,123,494,0.5944645006016848,0.32367149758454106,0.3761723891867309,0.2764960143962378
attr_structure_position,attr_structure_position,data/processed/train/attr_structure_position_train.csv,classification,stratified_random_group_cv,StratifiedGroupKFold,5,5,,831,207,490,123,494,0.5944645006016848,0.5169082125603864,0.5110338164251207,0.33514529914529917
length_bin,length_bin,data/processed/train/length_bin_train.csv,classification,majority_class_group_cv,GroupKFold,1,5,short (<20m),2134,505,1395,349,684,0.32052483598875353,0.3485148514851485,0.18014277198644973,0.03976053315260364
length_bin,length_bin,data/processed/train/length_bin_train.csv,classification,uniform_random_group_cv,GroupKFold,1,5,,2134,505,1395,349,684,0.32052483598875353,0.07920792079207921,0.1041042373437564,0.04883904430394526
length_bin,length_bin,data/processed/train/length_bin_train.csv,classification,stratified_random_group_cv,GroupKFold,1,5,,2134,505,1395,349,684,0.32052483598875353,0.20594059405940593,0.20716850152535335,0.06297984186560475
length_bin,length_bin,data/processed/train/length_bin_train.csv,classification,majority_class_group_cv,GroupKFold,2,5,short (<20m),2075,564,1395,349,681,0.32819277108433736,0.3173758865248227,0.15292135582218913,0.04015253476895469
length_bin,length_bin,data/processed/train/length_bin_train.csv,classification,uniform_random_group_cv,GroupKFold,2,5,,2075,564,1395,349,681,0.32819277108433736,0.04964539007092199,0.06631076282011898,0.03265464332464912
length_bin,length_bin,data/processed/train/length_bin_train.csv,classification,stratified_random_group_cv,GroupKFold,2,5,,2075,564,1395,349,681,0.32819277108433736,0.21453900709219859,0.20409768463585734,0.07260528453805766
length_bin,length_bin,data/processed/train/length_bin_train.csv,classification,majority_class_group_cv,GroupKFold,3,5,short (<20m),2095,544,1395,349,696,0.3322195704057279,0.3014705882352941,0.13966434031239613,0.0421160760143811
length_bin,length_bin,data/processed/train/length_bin_train.csv,classification,uniform_random_group_cv,GroupKFold,3,5,,2095,544,1395,349,696,0.3322195704057279,0.08272058823529412,0.11594889652175644,0.04596400280278412
length_bin,length_bin,data/processed/train/length_bin_train.csv,classification,stratified_random_group_cv,GroupKFold,3,5,,2095,544,1395,349,696,0.3322195704057279,0.22794117647058823,0.22263084979242645,0.07796981676741115
length_bin,length_bin,data/processed/train/length_bin_train.csv,classification,majority_class_group_cv,GroupKFold,4,5,short (<20m),2134,505,1395,349,702,0.3289597000937207,0.31287128712871287,0.14912115645953736,0.04766214177978884
length_bin,length_bin,data/processed/train/length_bin_train.csv,classification,uniform_random_group_cv,GroupKFold,4,5,,2134,505,1395,349,702,0.3289597000937207,0.053465346534653464,0.07761695599671876,0.028910340724161904
length_bin,length_bin,data/processed/train/length_bin_train.csv,classification,stratified_random_group_cv,GroupKFold,4,5,,2134,505,1395,349,702,0.3289597000937207,0.18613861386138614,0.18986916850421964,0.0646712562534799
length_bin,length_bin,data/processed/train/length_bin_train.csv,classification,majority_class_group_cv,GroupKFold,5,5,short (<20m),2118,521,1396,348,677,0.31964117091595845,0.3512476007677543,0.182608837899145,0.05198863636363636
length_bin,length_bin,data/processed/train/length_bin_train.csv,classification,uniform_random_group_cv,GroupKFold,5,5,,2118,521,1396,348,677,0.31964117091595845,0.053742802303262956,0.07405738917505376,0.03469042751412083
length_bin,length_bin,data/processed/train/length_bin_train.csv,classification,stratified_random_group_cv,GroupKFold,5,5,,2118,521,1396,348,677,0.31964117091595845,0.2533589251439539,0.2523212419631543,0.08121471427863058
width_bin,width_bin,data/processed/train/width_bin_train.csv,classification,majority_class_group_cv,GroupKFold,1,5,standard (0.9-1.5m),2252,503,1387,347,1254,0.5568383658969804,0.5506958250497018,0.39113523984299337,0.10146520146520147
width_bin,width_bin,data/processed/train/width_bin_train.csv,classification,uniform_random_group_cv,GroupKFold,1,5,,2252,503,1387,347,1254,0.5568383658969804,0.12127236580516898,0.1775983724007968,0.06513489429695182
width_bin,width_bin,data/processed/train/width_bin_train.csv,classification,stratified_random_group_cv,GroupKFold,1,5,,2252,503,1387,347,1254,0.5568383658969804,0.38966202783300197,0.39275381859874897,0.11373256373256373
width_bin,width_bin,data/processed/train/width_bin_train.csv,classification,majority_class_group_cv,GroupKFold,2,5,standard (0.9-1.5m),2148,607,1387,347,1206,0.5614525139664804,0.5354200988467874,0.37341530498971226,0.09963212752912323
width_bin,width_bin,data/processed/train/width_bin_train.csv,classification,uniform_random_group_cv,GroupKFold,2,5,,2148,607,1387,347,1206,0.5614525139664804,0.14332784184514002,0.1992739278895787,0.08690943146499176
width_bin,width_bin,data/processed/train/width_bin_train.csv,classification,stratified_random_group_cv,GroupKFold,2,5,,2148,607,1387,347,1206,0.5614525139664804,0.38879736408566723,0.38354458770656885,0.12720387530934066
width_bin,width_bin,data/processed/train/width_bin_train.csv,classification,majority_class_group_cv,GroupKFold,3,5,standard (0.9-1.5m),2196,559,1387,347,1215,0.5532786885245902,0.5652951699463328,0.4083046256069512,0.14445714285714287
width_bin,width_bin,data/processed/train/width_bin_train.csv,classification,uniform_random_group_cv,GroupKFold,3,5,,2196,559,1387,347,1215,0.5532786885245902,0.12701252236135957,0.17912488589940564,0.07469423045898202
width_bin,width_bin,data/processed/train/width_bin_train.csv,classification,stratified_random_group_cv,GroupKFold,3,5,,2196,559,1387,347,1215,0.5532786885245902,0.3810375670840787,0.384017803752302,0.15788279094668045
width_bin,width_bin,data/processed/train/width_bin_train.csv,classification,majority_class_group_cv,GroupKFold,4,5,standard (0.9-1.5m),2226,529,1387,347,1210,0.5435759209344115,0.6068052930056711,0.4583164683642833,0.12588235294117647
width_bin,width_bin,data/processed/train/width_bin_train.csv,classification,uniform_random_group_cv,GroupKFold,4,5,,2226,529,1387,347,1210,0.5435759209344115,0.10586011342155009,0.15510101749717908,0.05610434250846729
width_bin,width_bin,data/processed/train/width_bin_train.csv,classification,stratified_random_group_cv,GroupKFold,4,5,,2226,529,1387,347,1210,0.5435759209344115,0.3950850661625709,0.4119856945781364,0.13833798853605273
width_bin,width_bin,data/processed/train/width_bin_train.csv,classification,majority_class_group_cv,GroupKFold,5,5,standard (0.9-1.5m),2198,557,1388,346,1239,0.5636942675159236,0.5242369838420108,0.36060588758979306,0.09826686858488978
width_bin,width_bin,data/processed/train/width_bin_train.csv,classification,uniform_random_group_cv,GroupKFold,5,5,,2198,557,1388,346,1239,0.5636942675159236,0.14542190305206462,0.19757930305081517,0.08176663711753196
width_bin,width_bin,data/processed/train/width_bin_train.csv,classification,stratified_random_group_cv,GroupKFold,5,5,,2198,557,1388,346,1239,0.5636942675159236,0.362657091561939,0.3537772611757693,0.1184790715070234
fall_height_bin,fall_height_bin,data/processed/train/fall_height_bin_train.csv,classification,majority_class_group_cv,GroupKFold,1,5,medium (1.2-5m),185,54,97,25,70,0.3783783783783784,0.25925925925925924,0.10675381263616558,0.06862745098039215
fall_height_bin,fall_height_bin,data/processed/train/fall_height_bin_train.csv,classification,uniform_random_group_cv,GroupKFold,1,5,,185,54,97,25,70,0.3783783783783784,0.09259259259259259,0.10260400456478888,0.07819794584500467
fall_height_bin,fall_height_bin,data/processed/train/fall_height_bin_train.csv,classification,stratified_random_group_cv,GroupKFold,1,5,,185,54,97,25,70,0.3783783783783784,0.2222222222222222,0.2010705344038677,0.18431568431568432
fall_height_bin,fall_height_bin,data/processed/train/fall_height_bin_train.csv,classification,majority_class_group_cv,GroupKFold,2,5,medium (1.2-5m),177,62,97,25,60,0.3389830508474576,0.3870967741935484,0.21605401350337583,0.09302325581395349
fall_height_bin,fall_height_bin,data/processed/train/fall_height_bin_train.csv,classification,uniform_random_group_cv,GroupKFold,2,5,,177,62,97,25,60,0.3389830508474576,0.11290322580645161,0.14035833127079725,0.07654917945439045
fall_height_bin,fall_height_bin,data/processed/train/fall_height_bin_train.csv,classification,stratified_random_group_cv,GroupKFold,2,5,,177,62,97,25,60,0.3389830508474576,0.22580645161290322,0.24736137951538575,0.10972130787798991
fall_height_bin,fall_height_bin,data/processed/train/fall_height_bin_train.csv,classification,majority_class_group_cv,GroupKFold,3,5,medium (1.2-5m),198,41,98,24,68,0.3434343434343434,0.3902439024390244,0.21908429610611893,0.0935672514619883
fall_height_bin,fall_height_bin,data/processed/train/fall_height_bin_train.csv,classification,uniform_random_group_cv,GroupKFold,3,5,,198,41,98,24,68,0.3434343434343434,0.17073170731707318,0.20969274627811213,0.09253246753246752
fall_height_bin,fall_height_bin,data/processed/train/fall_height_bin_train.csv,classification,stratified_random_group_cv,GroupKFold,3,5,,198,41,98,24,68,0.3434343434343434,0.17073170731707318,0.19331526648599817,0.07570806100217864
fall_height_bin,fall_height_bin,data/processed/train/fall_height_bin_train.csv,classification,majority_class_group_cv,GroupKFold,4,5,medium (1.2-5m),207,32,98,24,74,0.357487922705314,0.3125,0.1488095238095238,0.09523809523809523
fall_height_bin,fall_height_bin,data/processed/train/fall_height_bin_train.csv,classification,uniform_random_group_cv,GroupKFold,4,5,,207,32,98,24,74,0.357487922705314,0.09375,0.125,0.0625
fall_height_bin,fall_height_bin,data/processed/train/fall_height_bin_train.csv,classification,stratified_random_group_cv,GroupKFold,4,5,,207,32,98,24,74,0.357487922705314,0.125,0.13541666666666666,0.08333333333333333
fall_height_bin,fall_height_bin,data/processed/train/fall_height_bin_train.csv,classification,majority_class_group_cv,GroupKFold,5,5,medium (1.2-5m),189,50,98,24,64,0.3386243386243386,0.4,0.22857142857142854,0.11428571428571428
fall_height_bin,fall_height_bin,data/processed/train/fall_height_bin_train.csv,classification,uniform_random_group_cv,GroupKFold,5,5,,189,50,98,24,64,0.3386243386243386,0.04,0.06024291497975708,0.02277327935222672
fall_height_bin,fall_height_bin,data/processed/train/fall_height_bin_train.csv,classification,stratified_random_group_cv,GroupKFold,5,5,,189,50,98,24,64,0.3386243386243386,0.24,0.2595733678086619,0.15781697294302338
steps_bin,steps_bin,data/processed/train/steps_bin_train.csv,classification,majority_class_group_cv,GroupKFold,1,5,few (<10),45,7,23,6,21,0.4666666666666667,0.2857142857142857,0.12698412698412698,0.14814814814814814
steps_bin,steps_bin,data/processed/train/steps_bin_train.csv,classification,uniform_random_group_cv,GroupKFold,1,5,,45,7,23,6,21,0.4666666666666667,0.0,0.0,0.0
steps_bin,steps_bin,data/processed/train/steps_bin_train.csv,classification,stratified_random_group_cv,GroupKFold,1,5,,45,7,23,6,21,0.4666666666666667,0.5714285714285714,0.5714285714285714,0.5555555555555555
steps_bin,steps_bin,data/processed/train/steps_bin_train.csv,classification,majority_class_group_cv,GroupKFold,2,5,few (<10),36,16,23,6,16,0.4444444444444444,0.4375,0.266304347826087,0.2028985507246377
steps_bin,steps_bin,data/processed/train/steps_bin_train.csv,classification,uniform_random_group_cv,GroupKFold,2,5,,36,16,23,6,16,0.4444444444444444,0.25,0.24025974025974023,0.20346320346320346
steps_bin,steps_bin,data/processed/train/steps_bin_train.csv,classification,stratified_random_group_cv,GroupKFold,2,5,,36,16,23,6,16,0.4444444444444444,0.375,0.36875,0.3351851851851852
steps_bin,steps_bin,data/processed/train/steps_bin_train.csv,classification,majority_class_group_cv,GroupKFold,3,5,few (<10),43,9,23,6,21,0.4883720930232558,0.2222222222222222,0.08080808080808081,0.18181818181818182
steps_bin,steps_bin,data/processed/train/steps_bin_train.csv,classification,uniform_random_group_cv,GroupKFold,3,5,,43,9,23,6,21,0.4883720930232558,0.2222222222222222,0.3111111111111111,0.13333333333333333
steps_bin,steps_bin,data/processed/train/steps_bin_train.csv,classification,stratified_random_group_cv,GroupKFold,3,5,,43,9,23,6,21,0.4883720930232558,0.3333333333333333,0.43456790123456784,0.2814814814814815
steps_bin,steps_bin,data/processed/train/steps_bin_train.csv,classification,majority_class_group_cv,GroupKFold,4,5,few (<10),39,13,23,6,16,0.41025641025641024,0.5384615384615384,0.37692307692307686,0.2333333333333333
steps_bin,steps_bin,data/processed/train/steps_bin_train.csv,classification,uniform_random_group_cv,GroupKFold,4,5,,39,13,23,6,16,0.41025641025641024,0.23076923076923078,0.23976023976023977,0.21645021645021645
steps_bin,steps_bin,data/processed/train/steps_bin_train.csv,classification,stratified_random_group_cv,GroupKFold,4,5,,39,13,23,6,16,0.41025641025641024,0.3076923076923077,0.2811188811188811,0.3212121212121212
steps_bin,steps_bin,data/processed/train/steps_bin_train.csv,classification,majority_class_group_cv,GroupKFold,5,5,few (<10),45,7,24,5,18,0.4,0.7142857142857143,0.5952380952380952,0.4166666666666667
steps_bin,steps_bin,data/processed/train/steps_bin_train.csv,classification,uniform_random_group_cv,GroupKFold,5,5,,45,7,24,5,18,0.4,0.0,0.0,0.0
steps_bin,steps_bin,data/processed/train/steps_bin_train.csv,classification,stratified_random_group_cv,GroupKFold,5,5,,45,7,24,5,18,0.4,0.42857142857142855,0.42857142857142855,0.3333333333333333
