image_path,file_exists,asset_id,profile_id,profile_name,description,file_id,filename,attr_abutment_material,attr_bridge_type,attr_decking_material,attr_fall_height,attr_has_edge_guard,attr_has_pedestrian_railing,attr_length,"attr_material_frame,_tank,_body",attr_number_of_steps,attr_structure_material,attr_structure_position,attr_width,Length measured by staff,length_bin,width_bin,fall_height_bin,steps_bin
data/citywide/images/253/52457/77956__IMG_3182.jpg,True,52457,253,Trail Bridge,FOOTBRIDGE OVER RING CREEK; metal span and decking with wooden and rope railings. railings left up year-round,77956,IMG_3182.jpg,Concrete,Beam,Aluminum,2.0,No,1 railing,8.0,Aluminum,,,,0.75,True,medium (6-20m),narrow (<0.9m),medium (1.2-5m),
data/citywide/images/253/59060/12286__AST_EX_20210810_125200.jpeg,True,59060,253,Trail Bridge,"Newcastle Island Day Use; Item description: BRIDGE: (VEHICLE CAPACITY); Specifications: TOTAL LENGTH 58M WIDTH 3M CEDAR PLANKING & STRINGER S SET ON CONCRETE FOOTING S 4"" X 4"" (10CM X 10CM) SIDE RAILS ; Comments: GOOD",12286,AST_EX_20210810_125200.jpeg,Steel,,Timber,1.4,Yes,,,Timber/Wood,,Timber,,20.0,False,,wide (>1.5m),medium (1.2-5m),
data/citywide/images/253/59060/24555__AST_EX_20210928_140314.jpeg,True,59060,253,Trail Bridge,"Newcastle Island Day Use; Item description: BRIDGE: (VEHICLE CAPACITY); Specifications: TOTAL LENGTH 58M WIDTH 3M CEDAR PLANKING & STRINGER S SET ON CONCRETE FOOTING S 4"" X 4"" (10CM X 10CM) SIDE RAILS ; Comments: GOOD",24555,AST_EX_20210928_140314.jpeg,Steel,,Timber,1.4,Yes,,,Timber/Wood,,Timber,,20.0,False,,wide (>1.5m),medium (1.2-5m),
data/citywide/images/253/59060/87425__AST_EX_20250128_141116.jpeg,True,59060,253,Trail Bridge,"Newcastle Island Day Use; Item description: BRIDGE: (VEHICLE CAPACITY); Specifications: TOTAL LENGTH 58M WIDTH 3M CEDAR PLANKING & STRINGER S SET ON CONCRETE FOOTING S 4"" X 4"" (10CM X 10CM) SIDE RAILS ; Comments: GOOD",87425,AST_EX_20250128_141116.jpeg,Steel,,Timber,1.4,Yes,,,Timber/Wood,,Timber,,20.0,False,,wide (>1.5m),medium (1.2-5m),
data/citywide/images/253/59060/87431__AST_EX_20250128_141116.jpeg,True,59060,253,Trail Bridge,"Newcastle Island Day Use; Item description: BRIDGE: (VEHICLE CAPACITY); Specifications: TOTAL LENGTH 58M WIDTH 3M CEDAR PLANKING & STRINGER S SET ON CONCRETE FOOTING S 4"" X 4"" (10CM X 10CM) SIDE RAILS ; Comments: GOOD",87431,AST_EX_20250128_141116.jpeg,Steel,,Timber,1.4,Yes,,,Timber/Wood,,Timber,,20.0,False,,wide (>1.5m),medium (1.2-5m),
data/citywide/images/253/63068/87457__Picture1.jpg,True,63068,253,Trail Bridge,GUNN CREEK TRAIL 6.0 KM BRIDGE; installed 2025. 14.2 m aluminum truss bridge with aluminum guard rails. See notes.,87457,Picture1.jpg,Concrete,Truss,Timber,2.0,Yes,,14.2,,,Aluminum,,1.8,True,medium (6-20m),wide (>1.5m),medium (1.2-5m),
data/citywide/images/253/63389/47462__AST_EX_20220616_180057.jpeg,True,63389,253,Trail Bridge,"Stamp Falls Foot Trail; Additional notes: 6150mm span, deck 920mm in width; structure supported by wooden stringers; 2 x 4 toe board/kicker w/ 4 x 4 blocking. ;",47462,AST_EX_20220616_180057.jpeg,,,,2.6,No,No railings,,,,,,1.0,False,,standard (0.9-1.5m),medium (1.2-5m),
data/citywide/images/253/63389/47468__AST_EX_20220616_180050.jpeg,True,63389,253,Trail Bridge,"Stamp Falls Foot Trail; Additional notes: 6150mm span, deck 920mm in width; structure supported by wooden stringers; 2 x 4 toe board/kicker w/ 4 x 4 blocking. ;",47468,AST_EX_20220616_180050.jpeg,,,,2.6,No,No railings,,,,,,1.0,False,,standard (0.9-1.5m),medium (1.2-5m),
data/citywide/images/253/63389/47469__AST_EX_20220616_175954.jpeg,True,63389,253,Trail Bridge,"Stamp Falls Foot Trail; Additional notes: 6150mm span, deck 920mm in width; structure supported by wooden stringers; 2 x 4 toe board/kicker w/ 4 x 4 blocking. ;",47469,AST_EX_20220616_175954.jpeg,,,,2.6,No,No railings,,,,,,1.0,False,,standard (0.9-1.5m),medium (1.2-5m),
data/citywide/images/253/63389/47471__AST_EX_20220616_180107.jpeg,True,63389,253,Trail Bridge,"Stamp Falls Foot Trail; Additional notes: 6150mm span, deck 920mm in width; structure supported by wooden stringers; 2 x 4 toe board/kicker w/ 4 x 4 blocking. ;",47471,AST_EX_20220616_180107.jpeg,,,,2.6,No,No railings,,,,,,1.0,False,,standard (0.9-1.5m),medium (1.2-5m),
data/citywide/images/253/64102/84320__asset64102_approachfromCrestMtn.jpg,True,64102,253,Trail Bridge,"88' LONG BRIDGE3 LOG STINGERS 64' LONG DECKING 58""X8""X2"" RAILINGS 12' RAMP AT BOTH ENDS10U 0292409 5524874; Comments: AT DRUM NARROWS, BRIDGE WAS CONDEMNED IN 2008",84320,asset64102_approachfromCrestMtn.jpg,Concrete,,Timber,2.0,No,,18.0,Timber/Wood,,Timber,,1.0,True,medium (6-20m),standard (0.9-1.5m),medium (1.2-5m),
data/citywide/images/253/64126/85871__asset64126-2.jpg,True,64126,253,Trail Bridge,"Single Span Log Stringer, 78cmø upstream cedar stringer, 70cmø downstream cedar stringer, with 8.25"" x 2"" x 42"" board across stringers and 2 - 4.5"" x 4.5"" timber ontop",85871,asset64126-2.jpg,Timber,Fallen Tree,Timber,1.55,No,,,,,Timber,,1.0,False,,standard (0.9-1.5m),medium (1.2-5m),
data/citywide/images/253/64126/85872__asset64126.jpg,True,64126,253,Trail Bridge,"Single Span Log Stringer, 78cmø upstream cedar stringer, 70cmø downstream cedar stringer, with 8.25"" x 2"" x 42"" board across stringers and 2 - 4.5"" x 4.5"" timber ontop",85872,asset64126.jpg,Timber,Fallen Tree,Timber,1.55,No,,,,,Timber,,1.0,False,,standard (0.9-1.5m),medium (1.2-5m),
data/citywide/images/253/88133/18905__AST_IM_20210826_132843.jpeg,True,88133,253,Trail Bridge,Over bent creek (no sign),18905,AST_IM_20210826_132843.jpeg,,,,1.85,,No railings,4.6,,,,,,True,short (<6m),,medium (1.2-5m),
data/citywide/images/253/88133/77975__AST_EX_20241206_114443.jpeg,True,88133,253,Trail Bridge,Over bent creek (no sign),77975,AST_EX_20241206_114443.jpeg,,,,1.85,,No railings,4.6,,,,,,True,short (<6m),,medium (1.2-5m),
data/citywide/images/253/100140/63986__AST_EX_20221027_104925.jpeg,True,100140,253,Trail Bridge,,63986,AST_EX_20221027_104925.jpeg,Concrete,Beam,Timber,0.9,,,6.0,,,Timber,,2.5,True,medium (6-20m),wide (>1.5m),low (<1.2m),
data/citywide/images/253/100140/63987__AST_EX_20221027_104858.jpeg,True,100140,253,Trail Bridge,,63987,AST_EX_20221027_104858.jpeg,Concrete,Beam,Timber,0.9,,,6.0,,,Timber,,2.5,True,medium (6-20m),wide (>1.5m),low (<1.2m),
data/citywide/images/253/100140/77910__AST_EX_20241203_155500.jpeg,True,100140,253,Trail Bridge,,77910,AST_EX_20241203_155500.jpeg,Concrete,Beam,Timber,0.9,,,6.0,,,Timber,,2.5,True,medium (6-20m),wide (>1.5m),low (<1.2m),
data/citywide/images/253/100140/77911__AST_EX_20241203_155417.jpeg,True,100140,253,Trail Bridge,,77911,AST_EX_20241203_155417.jpeg,Concrete,Beam,Timber,0.9,,,6.0,,,Timber,,2.5,True,medium (6-20m),wide (>1.5m),low (<1.2m),
data/citywide/images/253/100140/77912__AST_EX_20241203_155411.jpeg,True,100140,253,Trail Bridge,,77912,AST_EX_20241203_155411.jpeg,Concrete,Beam,Timber,0.9,,,6.0,,,Timber,,2.5,True,medium (6-20m),wide (>1.5m),low (<1.2m),
data/citywide/images/253/100140/77918__AST_EX_20241203_155352.jpeg,True,100140,253,Trail Bridge,,77918,AST_EX_20241203_155352.jpeg,Concrete,Beam,Timber,0.9,,,6.0,,,Timber,,2.5,True,medium (6-20m),wide (>1.5m),low (<1.2m),
data/citywide/images/253/100140/91327__AST_EX_20251127_132852.jpeg,True,100140,253,Trail Bridge,,91327,AST_EX_20251127_132852.jpeg,Concrete,Beam,Timber,0.9,,,6.0,,,Timber,,2.5,True,medium (6-20m),wide (>1.5m),low (<1.2m),
data/citywide/images/253/100140/91328__AST_EX_20251127_132943.jpeg,True,100140,253,Trail Bridge,,91328,AST_EX_20251127_132943.jpeg,Concrete,Beam,Timber,0.9,,,6.0,,,Timber,,2.5,True,medium (6-20m),wide (>1.5m),low (<1.2m),
data/citywide/images/253/105042/50693__AST_IM_20220628_150802.jpeg,True,105042,253,Trail Bridge,Trail bridge across creek.,50693,AST_IM_20220628_150802.jpeg,,Beam,Timber,1.0,,No railings,,,,,,,False,,,low (<1.2m),
data/citywide/images/253/105042/77292__AST_EX_20241108_110248.jpeg,True,105042,253,Trail Bridge,Trail bridge across creek.,77292,AST_EX_20241108_110248.jpeg,,Beam,Timber,1.0,,No railings,,,,,,,False,,,low (<1.2m),
data/citywide/images/253/105440/51269__AST_IM_20220626_161100.jpeg,True,105440,253,Trail Bridge,,51269,AST_IM_20220626_161100.jpeg,,Beam,Timber,1.0,,No railings,,,,Timber,,,False,,,low (<1.2m),
data/citywide/images/253/122999/76745__AST_IM_20241031_162559.jpeg,True,122999,253,Trail Bridge,Natural cedar log crossing with added rope railing and approaches - rustic,76745,AST_IM_20241031_162559.jpeg,,Fallen Tree,,2.0,,,15.0,,,Timber,,1.0,True,medium (6-20m),standard (0.9-1.5m),medium (1.2-5m),
data/citywide/images/253/123219/77190__AST_IM_20241107_133720.jpeg,True,123219,253,Trail Bridge,Rustic cedar board on log,77190,AST_IM_20241107_133720.jpeg,,Beam,Timber,1.0,,No railings,12.0,,,Timber,,2.0,True,medium (6-20m),wide (>1.5m),low (<1.2m),
data/citywide/images/253/123352/77558__Bridge_3_400_from_East__1_.JPG,True,123352,253,Trail Bridge,Rustic timber,77558,Bridge 3 400 from East (1).JPG,Timber,Beam,Timber,1.0,,No railings,10.0,,,Timber,,3.0,True,medium (6-20m),wide (>1.5m),low (<1.2m),
data/citywide/images/253/123352/77559__Bridge_3_400_from_East__2_.JPG,True,123352,253,Trail Bridge,Rustic timber,77559,Bridge 3 400 from East (2).JPG,Timber,Beam,Timber,1.0,,No railings,10.0,,,Timber,,3.0,True,medium (6-20m),wide (>1.5m),low (<1.2m),
data/citywide/images/253/123310/77432__AST_IM_20241113_143720.jpeg,True,123310,253,Trail Bridge,1 railing cedar boardwalk approaches and decking onto natural log bridge across Haans Creek on Dover trail,77432,AST_IM_20241113_143720.jpeg,Timber,Fallen Tree,Timber,2.0,,,25.0,,,Timber,,1.0,True,long (>20m),standard (0.9-1.5m),medium (1.2-5m),
data/citywide/images/253/123354/77561__Bridge_at_Property.jpg,True,123354,253,Trail Bridge,Rustic timber,77561,Bridge at Property.jpg,Timber,Beam,Timber,1.0,,No railings,8.0,,,Timber,,2.0,True,medium (6-20m),wide (>1.5m),low (<1.2m),
data/citywide/images/253/126178/83472__AST_IM_20250611_112515.jpeg,True,126178,253,Trail Bridge,log planks,83472,AST_IM_20250611_112515.jpeg,Timber,,,1.5,,No railings,,,,,,0.5,False,,narrow (<0.9m),medium (1.2-5m),
data/citywide/images/253/126334/84032__AST_IM_20250616_105600.jpeg,True,126334,253,Trail Bridge,Bridge to  east Hunlen Falls viewpoint,84032,AST_IM_20250616_105600.jpeg,Gabions,Beam,Timber,1.5,,2 railings,,,,Steel,,1.5,False,,wide (>1.5m),medium (1.2-5m),
data/citywide/images/253/126334/84056__AST_IM_20250616_105533.jpeg,True,126334,253,Trail Bridge,Bridge to  east Hunlen Falls viewpoint,84056,AST_IM_20250616_105533.jpeg,Gabions,Beam,Timber,1.5,,2 railings,,,,Steel,,1.5,False,,wide (>1.5m),medium (1.2-5m),
data/citywide/images/253/126334/84057__AST_IM_20250616_105616.jpeg,True,126334,253,Trail Bridge,Bridge to  east Hunlen Falls viewpoint,84057,AST_IM_20250616_105616.jpeg,Gabions,Beam,Timber,1.5,,2 railings,,,,Steel,,1.5,False,,wide (>1.5m),medium (1.2-5m),
data/citywide/images/253/126340/84040__AST_IM_20250616_143933.jpeg,True,126340,253,Trail Bridge,Bridge across Goat Creek on trail to Ptarmigan Lake,84040,AST_IM_20250616_143933.jpeg,Concrete,Beam,Steel,4.0,,2 railings,,,,Steel,,1.5,False,,wide (>1.5m),medium (1.2-5m),
data/citywide/images/253/126340/84046__AST_IM_20250616_144043.jpeg,True,126340,253,Trail Bridge,Bridge across Goat Creek on trail to Ptarmigan Lake,84046,AST_IM_20250616_144043.jpeg,Concrete,Beam,Steel,4.0,,2 railings,,,,Steel,,1.5,False,,wide (>1.5m),medium (1.2-5m),
data/citywide/images/253/126683/85305__IMG_2174.jpg,True,126683,253,Trail Bridge,wooden footbridge,85305,IMG_2174.jpg,,Beam,Timber,2.0,,,,,,Timber,,1.0,False,,standard (0.9-1.5m),medium (1.2-5m),
data/citywide/images/253/126721/85400__AST_IM_20250716_120422.jpeg,True,126721,253,Trail Bridge,Metal bridge over castle creek 400m up river from old bridge site ,85400,AST_IM_20250716_120422.jpeg,Gabions,Truss,Timber,2.0,,2 railings,24.0,,,Steel,,2.0,True,long (>20m),wide (>1.5m),medium (1.2-5m),
data/citywide/images/253/126721/85403__AST_IM_20250716_120324.jpeg,True,126721,253,Trail Bridge,Metal bridge over castle creek 400m up river from old bridge site ,85403,AST_IM_20250716_120324.jpeg,Gabions,Truss,Timber,2.0,,2 railings,24.0,,,Steel,,2.0,True,long (>20m),wide (>1.5m),medium (1.2-5m),
data/citywide/images/253/126721/85406__AST_IM_20250716_120341.jpeg,True,126721,253,Trail Bridge,Metal bridge over castle creek 400m up river from old bridge site ,85406,AST_IM_20250716_120341.jpeg,Gabions,Truss,Timber,2.0,,2 railings,24.0,,,Steel,,2.0,True,long (>20m),wide (>1.5m),medium (1.2-5m),
data/citywide/images/253/126721/85407__AST_IM_20250716_120405.jpeg,True,126721,253,Trail Bridge,Metal bridge over castle creek 400m up river from old bridge site ,85407,AST_IM_20250716_120405.jpeg,Gabions,Truss,Timber,2.0,,2 railings,24.0,,,Steel,,2.0,True,long (>20m),wide (>1.5m),medium (1.2-5m),
data/citywide/images/253/126779/85619__AST_IM_20250730_115639.jpeg,True,126779,253,Trail Bridge,,85619,AST_IM_20250730_115639.jpeg,,Truss,Steel,2.0,,,5.0,,,Steel,,1.0,True,short (<6m),standard (0.9-1.5m),medium (1.2-5m),
data/citywide/images/253/126779/85621__AST_IM_20250730_115624.jpeg,True,126779,253,Trail Bridge,,85621,AST_IM_20250730_115624.jpeg,,Truss,Steel,2.0,,,5.0,,,Steel,,1.0,True,short (<6m),standard (0.9-1.5m),medium (1.2-5m),
data/citywide/images/253/126799/85661__AST_IM_20250730_142934.jpeg,True,126799,253,Trail Bridge,Aluminum sill on till abutments,85661,AST_IM_20250730_142934.jpeg,Aluminum Sill Fill,Truss,,1.7,,,15.4,,,Aluminum,,1.0,True,medium (6-20m),standard (0.9-1.5m),medium (1.2-5m),
data/citywide/images/253/126915/85843__AST_IM_20250730_161027.jpeg,True,126915,253,Trail Bridge,,85843,AST_IM_20250730_161027.jpeg,Gabions,Beam,Timber,3.0,,,3.0,,,Aluminum,,,True,short (<6m),,medium (1.2-5m),
data/citywide/images/253/126915/85844__AST_IM_20250730_161039.jpeg,True,126915,253,Trail Bridge,,85844,AST_IM_20250730_161039.jpeg,Gabions,Beam,Timber,3.0,,,3.0,,,Aluminum,,,True,short (<6m),,medium (1.2-5m),
data/citywide/images/253/126915/85845__AST_IM_20250730_160958.jpeg,True,126915,253,Trail Bridge,,85845,AST_IM_20250730_160958.jpeg,Gabions,Beam,Timber,3.0,,,3.0,,,Aluminum,,,True,short (<6m),,medium (1.2-5m),
data/citywide/images/253/127136/90541__Footpath_bridge_1.jpg,True,127136,253,Trail Bridge,Aluminum Footbridge,90541,Footpath bridge 1.jpg,Aluminum Sill Fill,Other,Aluminum,3.0,,2 railings,15.0,,,Aluminum,,1.5,True,medium (6-20m),wide (>1.5m),medium (1.2-5m),
data/citywide/images/253/127136/90542__Footpath_bridge_2.jpg,True,127136,253,Trail Bridge,Aluminum Footbridge,90542,Footpath bridge 2.jpg,Aluminum Sill Fill,Other,Aluminum,3.0,,2 railings,15.0,,,Aluminum,,1.5,True,medium (6-20m),wide (>1.5m),medium (1.2-5m),
data/citywide/images/253/127147/87009__AST_IM_20250819_133749.jpeg,True,127147,253,Trail Bridge,,87009,AST_IM_20250819_133749.jpeg,Timber,Other,Timber,2.0,,1 railing,7.0,,,Timber,,1.2,True,medium (6-20m),standard (0.9-1.5m),medium (1.2-5m),
data/citywide/images/253/127145/87017__AST_IM_20250819_135439.jpeg,True,127145,253,Trail Bridge,Handrails,87017,AST_IM_20250819_135439.jpeg,,Beam,Timber,2.0,,2 railings,7.0,,,Timber,,1.3,True,medium (6-20m),standard (0.9-1.5m),medium (1.2-5m),
data/citywide/images/253/129739/92806__MI_20260325_161546.jpg,True,129739,253,Trail Bridge,small seasonal wetted area crossing,92806,MI_20260325_161546.jpg,Timber,Beam,Timber,0.3,,No railings,,,,Timber,,1.25,,,standard (0.9-1.5m),low (<1.2m),
data/citywide/images/253/129739/92807__MI_20260325_161554.jpg,True,129739,253,Trail Bridge,small seasonal wetted area crossing,92807,MI_20260325_161554.jpg,Timber,Beam,Timber,0.3,,No railings,,,,Timber,,1.25,,,standard (0.9-1.5m),low (<1.2m),
data/citywide/images/253/129739/92808__MI_20260325_161551.jpg,True,129739,253,Trail Bridge,small seasonal wetted area crossing,92808,MI_20260325_161551.jpg,Timber,Beam,Timber,0.3,,No railings,,,,Timber,,1.25,,,standard (0.9-1.5m),low (<1.2m),
