attribute,asset_type,fold,asset_id,true_label,predicted_label,correct,confidence,target_column,classifier,strategy
attr_bridge_type,,1,61734,Beam,Beam,True,0.9997773922262814,attr_bridge_type,logistic_regression,dinov3_frozen_embeddings_logistic_regression
attr_bridge_type,,1,85171,Truss,Beam,False,0.9981320583626874,attr_bridge_type,logistic_regression,dinov3_frozen_embeddings_logistic_regression
attr_bridge_type,,1,86083,Beam,Beam,True,0.9840301132255146,attr_bridge_type,logistic_regression,dinov3_frozen_embeddings_logistic_regression
attr_bridge_type,,1,86099,Beam,Beam,True,0.9972674193151365,attr_bridge_type,logistic_regression,dinov3_frozen_embeddings_logistic_regression
attr_bridge_type,,1,86152,Beam,Beam,True,0.9671098611041544,attr_bridge_type,logistic_regression,dinov3_frozen_embeddings_logistic_regression
attr_bridge_type,,1,89584,Beam,Beam,True,0.99914611229307,attr_bridge_type,logistic_regression,dinov3_frozen_embeddings_logistic_regression
attr_bridge_type,,1,89591,Beam,Beam,True,0.9974186016191725,attr_bridge_type,logistic_regression,dinov3_frozen_embeddings_logistic_regression
attr_bridge_type,,1,89595,Beam,Beam,True,0.9996618186089277,attr_bridge_type,logistic_regression,dinov3_frozen_embeddings_logistic_regression
attr_bridge_type,,1,89600,Beam,Beam,True,0.9998546107518435,attr_bridge_type,logistic_regression,dinov3_frozen_embeddings_logistic_regression
attr_bridge_type,,1,100551,Beam,Beam,True,0.9999459975501387,attr_bridge_type,logistic_regression,dinov3_frozen_embeddings_logistic_regression
attr_bridge_type,,1,110992,Beam,Truss,False,0.9357333686745557,attr_bridge_type,logistic_regression,dinov3_frozen_embeddings_logistic_regression
attr_bridge_type,,1,113189,Beam,Beam,True,0.9784971348242324,attr_bridge_type,logistic_regression,dinov3_frozen_embeddings_logistic_regression
attr_bridge_type,,1,128876,Truss,Beam,False,0.9953977601887609,attr_bridge_type,logistic_regression,dinov3_frozen_embeddings_logistic_regression
attr_bridge_type,,1,46926,Beam,Beam,True,0.9999245440938012,attr_bridge_type,logistic_regression,dinov3_frozen_embeddings_logistic_regression
attr_bridge_type,,1,47636,Beam,Beam,True,0.5472710034734304,attr_bridge_type,logistic_regression,dinov3_frozen_embeddings_logistic_regression
attr_bridge_type,,1,48296,Beam,Beam,True,0.9789608515578078,attr_bridge_type,logistic_regression,dinov3_frozen_embeddings_logistic_regression
attr_bridge_type,,1,48488,Beam,Beam,True,0.9996844022624403,attr_bridge_type,logistic_regression,dinov3_frozen_embeddings_logistic_regression
attr_bridge_type,,1,49059,Beam,Beam,True,0.9999617180522211,attr_bridge_type,logistic_regression,dinov3_frozen_embeddings_logistic_regression
attr_bridge_type,,1,49244,Beam,Beam,True,0.9279572248874643,attr_bridge_type,logistic_regression,dinov3_frozen_embeddings_logistic_regression
attr_bridge_type,,1,49497,Beam,Beam,True,0.9994616840445042,attr_bridge_type,logistic_regression,dinov3_frozen_embeddings_logistic_regression
attr_bridge_type,,1,53195,Beam,Beam,True,0.843281517644284,attr_bridge_type,logistic_regression,dinov3_frozen_embeddings_logistic_regression
attr_bridge_type,,1,55115,Beam,Beam,True,0.5367723700406092,attr_bridge_type,logistic_regression,dinov3_frozen_embeddings_logistic_regression
attr_bridge_type,,1,56468,Beam,Beam,True,0.997183532145519,attr_bridge_type,logistic_regression,dinov3_frozen_embeddings_logistic_regression
attr_bridge_type,,1,56469,Beam,Beam,True,0.9999823114592695,attr_bridge_type,logistic_regression,dinov3_frozen_embeddings_logistic_regression
attr_bridge_type,,1,57834,Beam,Truss,False,0.9997392231987798,attr_bridge_type,logistic_regression,dinov3_frozen_embeddings_logistic_regression
attr_bridge_type,,1,57835,Beam,Beam,True,0.6291571801893274,attr_bridge_type,logistic_regression,dinov3_frozen_embeddings_logistic_regression
attr_bridge_type,,1,57858,Truss,Beam,False,0.9976330668714496,attr_bridge_type,logistic_regression,dinov3_frozen_embeddings_logistic_regression
attr_bridge_type,,1,58161,Beam,Truss,False,0.9996148721237762,attr_bridge_type,logistic_regression,dinov3_frozen_embeddings_logistic_regression
attr_bridge_type,,1,58955,Beam,Beam,True,0.8829982571638163,attr_bridge_type,logistic_regression,dinov3_frozen_embeddings_logistic_regression
attr_bridge_type,,1,63539,Beam,Beam,True,0.9986955742800647,attr_bridge_type,logistic_regression,dinov3_frozen_embeddings_logistic_regression
attr_bridge_type,,1,63597,Suspension,Suspension,True,0.8424432449500014,attr_bridge_type,logistic_regression,dinov3_frozen_embeddings_logistic_regression
attr_bridge_type,,1,64126,Fallen Tree,Beam,False,0.9767973739746204,attr_bridge_type,logistic_regression,dinov3_frozen_embeddings_logistic_regression
attr_bridge_type,,1,65423,Beam,Truss,False,0.9229726998807632,attr_bridge_type,logistic_regression,dinov3_frozen_embeddings_logistic_regression
attr_bridge_type,,1,65789,Suspension,Suspension,True,0.999967867946324,attr_bridge_type,logistic_regression,dinov3_frozen_embeddings_logistic_regression
attr_bridge_type,,1,66917,Beam,Beam,True,0.8946357962014188,attr_bridge_type,logistic_regression,dinov3_frozen_embeddings_logistic_regression
attr_bridge_type,,1,83515,Beam,Beam,True,0.9998169012367768,attr_bridge_type,logistic_regression,dinov3_frozen_embeddings_logistic_regression
attr_bridge_type,,1,83937,Beam,Beam,True,0.742599345814829,attr_bridge_type,logistic_regression,dinov3_frozen_embeddings_logistic_regression
attr_bridge_type,,1,85149,Truss,Beam,False,0.9899251442150342,attr_bridge_type,logistic_regression,dinov3_frozen_embeddings_logistic_regression
attr_bridge_type,,1,86599,Truss,Truss,True,0.9920922082862988,attr_bridge_type,logistic_regression,dinov3_frozen_embeddings_logistic_regression
attr_bridge_type,,1,89438,Beam,Beam,True,0.9999655124922597,attr_bridge_type,logistic_regression,dinov3_frozen_embeddings_logistic_regression
attr_bridge_type,,1,89445,Beam,Beam,True,0.9990593751171843,attr_bridge_type,logistic_regression,dinov3_frozen_embeddings_logistic_regression
attr_bridge_type,,1,91832,Truss,Beam,False,0.9999054468236811,attr_bridge_type,logistic_regression,dinov3_frozen_embeddings_logistic_regression
attr_bridge_type,,1,92854,Beam,Beam,True,0.9943405382240393,attr_bridge_type,logistic_regression,dinov3_frozen_embeddings_logistic_regression
attr_bridge_type,,1,92872,Beam,Beam,True,0.9958441154662466,attr_bridge_type,logistic_regression,dinov3_frozen_embeddings_logistic_regression
attr_bridge_type,,1,93041,Beam,Beam,True,0.9813145408576612,attr_bridge_type,logistic_regression,dinov3_frozen_embeddings_logistic_regression
attr_bridge_type,,1,94170,Beam,Beam,True,0.9990524409820634,attr_bridge_type,logistic_regression,dinov3_frozen_embeddings_logistic_regression
attr_bridge_type,,1,95938,Truss,Truss,True,0.6803476331491674,attr_bridge_type,logistic_regression,dinov3_frozen_embeddings_logistic_regression
attr_bridge_type,,1,97816,Beam,Beam,True,0.9987816721345054,attr_bridge_type,logistic_regression,dinov3_frozen_embeddings_logistic_regression
attr_bridge_type,,1,99457,Beam,Beam,True,0.9952749851455739,attr_bridge_type,logistic_regression,dinov3_frozen_embeddings_logistic_regression
attr_bridge_type,,1,100313,Beam,Beam,True,0.9998903812024421,attr_bridge_type,logistic_regression,dinov3_frozen_embeddings_logistic_regression
attr_bridge_type,,1,100446,Beam,Beam,True,0.9999265668835253,attr_bridge_type,logistic_regression,dinov3_frozen_embeddings_logistic_regression
attr_bridge_type,,1,100582,Beam,Beam,True,0.9874618386353633,attr_bridge_type,logistic_regression,dinov3_frozen_embeddings_logistic_regression
attr_bridge_type,,1,100740,Truss,Truss,True,0.7556818181744565,attr_bridge_type,logistic_regression,dinov3_frozen_embeddings_logistic_regression
attr_bridge_type,,1,100757,Beam,Beam,True,0.9998132255355298,attr_bridge_type,logistic_regression,dinov3_frozen_embeddings_logistic_regression
attr_bridge_type,,1,101831,Beam,Beam,True,0.9816844768419393,attr_bridge_type,logistic_regression,dinov3_frozen_embeddings_logistic_regression
attr_bridge_type,,1,101890,Beam,Beam,True,0.9999043184210897,attr_bridge_type,logistic_regression,dinov3_frozen_embeddings_logistic_regression
attr_bridge_type,,1,102344,Beam,Beam,True,0.9998217454727314,attr_bridge_type,logistic_regression,dinov3_frozen_embeddings_logistic_regression
attr_bridge_type,,1,102347,Beam,Beam,True,0.9945434782713922,attr_bridge_type,logistic_regression,dinov3_frozen_embeddings_logistic_regression
attr_bridge_type,,1,102436,Beam,Beam,True,0.9999520265004039,attr_bridge_type,logistic_regression,dinov3_frozen_embeddings_logistic_regression
attr_bridge_type,,1,102842,Beam,Beam,True,0.98765135359815,attr_bridge_type,logistic_regression,dinov3_frozen_embeddings_logistic_regression
attr_bridge_type,,1,102844,Beam,Beam,True,0.9999923915650847,attr_bridge_type,logistic_regression,dinov3_frozen_embeddings_logistic_regression
attr_bridge_type,,1,103711,Beam,Beam,True,0.9999958700288577,attr_bridge_type,logistic_regression,dinov3_frozen_embeddings_logistic_regression
attr_bridge_type,,1,104066,Beam,Beam,True,0.9991920369141293,attr_bridge_type,logistic_regression,dinov3_frozen_embeddings_logistic_regression
attr_bridge_type,,1,104858,Beam,Beam,True,0.8949085468537704,attr_bridge_type,logistic_regression,dinov3_frozen_embeddings_logistic_regression
attr_bridge_type,,1,105440,Beam,Fallen Tree,False,0.48669569799203083,attr_bridge_type,logistic_regression,dinov3_frozen_embeddings_logistic_regression
attr_bridge_type,,1,106035,Beam,Beam,True,0.999813833361608,attr_bridge_type,logistic_regression,dinov3_frozen_embeddings_logistic_regression
attr_bridge_type,,1,106045,Beam,Beam,True,0.9993862875141573,attr_bridge_type,logistic_regression,dinov3_frozen_embeddings_logistic_regression
attr_bridge_type,,1,106054,Beam,Beam,True,0.9978037950356834,attr_bridge_type,logistic_regression,dinov3_frozen_embeddings_logistic_regression
attr_bridge_type,,1,106636,Beam,Beam,True,0.9994317177045676,attr_bridge_type,logistic_regression,dinov3_frozen_embeddings_logistic_regression
attr_bridge_type,,1,107117,Beam,Beam,True,0.9983654989589661,attr_bridge_type,logistic_regression,dinov3_frozen_embeddings_logistic_regression
attr_bridge_type,,1,107877,Beam,Beam,True,0.837263434126965,attr_bridge_type,logistic_regression,dinov3_frozen_embeddings_logistic_regression
attr_bridge_type,,1,107885,Beam,Truss,False,0.6061701609351939,attr_bridge_type,logistic_regression,dinov3_frozen_embeddings_logistic_regression
attr_bridge_type,,1,107890,Beam,Beam,True,0.8794076641964824,attr_bridge_type,logistic_regression,dinov3_frozen_embeddings_logistic_regression
attr_bridge_type,,1,107907,Beam,Beam,True,0.995400227170443,attr_bridge_type,logistic_regression,dinov3_frozen_embeddings_logistic_regression
attr_bridge_type,,1,107952,Beam,Beam,True,0.999968652145389,attr_bridge_type,logistic_regression,dinov3_frozen_embeddings_logistic_regression
attr_bridge_type,,1,107955,Beam,Truss,False,0.9821787481598581,attr_bridge_type,logistic_regression,dinov3_frozen_embeddings_logistic_regression
attr_bridge_type,,1,108663,Beam,Beam,True,0.9999699270139348,attr_bridge_type,logistic_regression,dinov3_frozen_embeddings_logistic_regression
attr_bridge_type,,1,108666,Beam,Beam,True,0.857243126283288,attr_bridge_type,logistic_regression,dinov3_frozen_embeddings_logistic_regression
attr_bridge_type,,1,109536,Beam,Beam,True,0.9438303655126062,attr_bridge_type,logistic_regression,dinov3_frozen_embeddings_logistic_regression
attr_bridge_type,,1,110137,Beam,Beam,True,0.9984204395539157,attr_bridge_type,logistic_regression,dinov3_frozen_embeddings_logistic_regression
attr_bridge_type,,1,110139,Beam,Beam,True,0.7278332083866244,attr_bridge_type,logistic_regression,dinov3_frozen_embeddings_logistic_regression
attr_bridge_type,,1,110171,Beam,Beam,True,0.9925325444339688,attr_bridge_type,logistic_regression,dinov3_frozen_embeddings_logistic_regression
attr_bridge_type,,1,110775,Beam,Beam,True,0.9998832498437955,attr_bridge_type,logistic_regression,dinov3_frozen_embeddings_logistic_regression
attr_bridge_type,,1,110805,Beam,Beam,True,0.9992424010503544,attr_bridge_type,logistic_regression,dinov3_frozen_embeddings_logistic_regression
attr_bridge_type,,1,110839,Beam,Beam,True,0.9230477689284853,attr_bridge_type,logistic_regression,dinov3_frozen_embeddings_logistic_regression
attr_bridge_type,,1,111862,Beam,Beam,True,0.992889658066912,attr_bridge_type,logistic_regression,dinov3_frozen_embeddings_logistic_regression
attr_bridge_type,,1,112369,Beam,Beam,True,0.9958862042110519,attr_bridge_type,logistic_regression,dinov3_frozen_embeddings_logistic_regression
attr_bridge_type,,1,113800,Beam,Beam,True,0.9905934195535363,attr_bridge_type,logistic_regression,dinov3_frozen_embeddings_logistic_regression
attr_bridge_type,,1,113803,Beam,Beam,True,0.9999881564419417,attr_bridge_type,logistic_regression,dinov3_frozen_embeddings_logistic_regression
attr_bridge_type,,1,113804,Beam,Beam,True,0.999861303198893,attr_bridge_type,logistic_regression,dinov3_frozen_embeddings_logistic_regression
attr_bridge_type,,1,113805,Beam,Beam,True,0.9240364101562121,attr_bridge_type,logistic_regression,dinov3_frozen_embeddings_logistic_regression
attr_bridge_type,,1,113952,Beam,Beam,True,0.6322676536441911,attr_bridge_type,logistic_regression,dinov3_frozen_embeddings_logistic_regression
attr_bridge_type,,1,113958,Beam,Beam,True,0.9999123185487788,attr_bridge_type,logistic_regression,dinov3_frozen_embeddings_logistic_regression
attr_bridge_type,,1,114287,Beam,Beam,True,0.9990867682014178,attr_bridge_type,logistic_regression,dinov3_frozen_embeddings_logistic_regression
attr_bridge_type,,1,114768,Beam,Truss,False,0.8835626755153698,attr_bridge_type,logistic_regression,dinov3_frozen_embeddings_logistic_regression
attr_bridge_type,,1,114960,Beam,Beam,True,0.990098437467474,attr_bridge_type,logistic_regression,dinov3_frozen_embeddings_logistic_regression
attr_bridge_type,,1,114963,Beam,Beam,True,0.9912828556377515,attr_bridge_type,logistic_regression,dinov3_frozen_embeddings_logistic_regression
attr_bridge_type,,1,114996,Truss,Truss,True,0.8495692702543355,attr_bridge_type,logistic_regression,dinov3_frozen_embeddings_logistic_regression
attr_bridge_type,,1,115211,Beam,Beam,True,0.9998390050914737,attr_bridge_type,logistic_regression,dinov3_frozen_embeddings_logistic_regression
attr_bridge_type,,1,118246,Beam,Beam,True,0.9993959778723551,attr_bridge_type,logistic_regression,dinov3_frozen_embeddings_logistic_regression
attr_bridge_type,,1,118248,Beam,Beam,True,0.9997715651355945,attr_bridge_type,logistic_regression,dinov3_frozen_embeddings_logistic_regression
attr_bridge_type,,1,119844,Beam,Beam,True,0.9973832284614226,attr_bridge_type,logistic_regression,dinov3_frozen_embeddings_logistic_regression
attr_bridge_type,,1,120686,Beam,Beam,True,0.9999736578222985,attr_bridge_type,logistic_regression,dinov3_frozen_embeddings_logistic_regression
attr_bridge_type,,1,121618,Truss,Beam,False,0.9994681598445236,attr_bridge_type,logistic_regression,dinov3_frozen_embeddings_logistic_regression
attr_bridge_type,,1,102350,Beam,Beam,True,0.9974593328156327,attr_bridge_type,logistic_regression,dinov3_frozen_embeddings_logistic_regression
attr_bridge_type,,1,122034,Beam,Beam,True,0.989654255957725,attr_bridge_type,logistic_regression,dinov3_frozen_embeddings_logistic_regression
attr_bridge_type,,1,122999,Fallen Tree,Fallen Tree,True,0.597263810690347,attr_bridge_type,logistic_regression,dinov3_frozen_embeddings_logistic_regression
attr_bridge_type,,1,123000,Beam,Beam,True,0.8387029286118955,attr_bridge_type,logistic_regression,dinov3_frozen_embeddings_logistic_regression
attr_bridge_type,,1,123164,Beam,Beam,True,0.9997293295792469,attr_bridge_type,logistic_regression,dinov3_frozen_embeddings_logistic_regression
attr_bridge_type,,1,123219,Beam,Beam,True,0.5969118797317378,attr_bridge_type,logistic_regression,dinov3_frozen_embeddings_logistic_regression
attr_bridge_type,,1,123309,Beam,Beam,True,0.9898307223660935,attr_bridge_type,logistic_regression,dinov3_frozen_embeddings_logistic_regression
attr_bridge_type,,1,123352,Beam,Beam,True,0.9995241560102137,attr_bridge_type,logistic_regression,dinov3_frozen_embeddings_logistic_regression
attr_bridge_type,,1,123364,Beam,Beam,True,0.9981687933891845,attr_bridge_type,logistic_regression,dinov3_frozen_embeddings_logistic_regression
attr_bridge_type,,1,124926,Truss,Truss,True,0.641503898864887,attr_bridge_type,logistic_regression,dinov3_frozen_embeddings_logistic_regression
attr_bridge_type,,1,126334,Beam,Beam,True,0.9125216852277611,attr_bridge_type,logistic_regression,dinov3_frozen_embeddings_logistic_regression
attr_bridge_type,,1,126683,Beam,Beam,True,0.898660137890559,attr_bridge_type,logistic_regression,dinov3_frozen_embeddings_logistic_regression
attr_bridge_type,,1,126798,Truss,Truss,True,0.9996273918020181,attr_bridge_type,logistic_regression,dinov3_frozen_embeddings_logistic_regression
attr_bridge_type,,1,126806,Truss,Truss,True,0.9933312699204156,attr_bridge_type,logistic_regression,dinov3_frozen_embeddings_logistic_regression
attr_bridge_type,,1,127147,Other,Beam,False,0.9923153090249359,attr_bridge_type,logistic_regression,dinov3_frozen_embeddings_logistic_regression
attr_bridge_type,,1,127203,Beam,Beam,True,0.9980219233848916,attr_bridge_type,logistic_regression,dinov3_frozen_embeddings_logistic_regression
attr_bridge_type,,1,127221,Beam,Beam,True,0.9946544647771571,attr_bridge_type,logistic_regression,dinov3_frozen_embeddings_logistic_regression
attr_bridge_type,,1,129491,Beam,Beam,True,0.9998981486897486,attr_bridge_type,logistic_regression,dinov3_frozen_embeddings_logistic_regression
attr_bridge_type,,1,102358,Beam,Beam,True,0.9949471298839907,attr_bridge_type,logistic_regression,dinov3_frozen_embeddings_logistic_regression
attr_bridge_type,,2,61736,Beam,Beam,True,0.6860505916241917,attr_bridge_type,logistic_regression,dinov3_frozen_embeddings_logistic_regression
attr_bridge_type,,2,89593,Beam,Beam,True,0.9999873648940728,attr_bridge_type,logistic_regression,dinov3_frozen_embeddings_logistic_regression
attr_bridge_type,,2,100549,Beam,Beam,True,0.9992731219935465,attr_bridge_type,logistic_regression,dinov3_frozen_embeddings_logistic_regression
attr_bridge_type,,2,117012,Beam,Beam,True,0.5124810067952732,attr_bridge_type,logistic_regression,dinov3_frozen_embeddings_logistic_regression
attr_bridge_type,,2,117011,Beam,Beam,True,0.9867997881768188,attr_bridge_type,logistic_regression,dinov3_frozen_embeddings_logistic_regression
attr_bridge_type,,2,46925,Beam,Beam,True,0.9998474041489693,attr_bridge_type,logistic_regression,dinov3_frozen_embeddings_logistic_regression
attr_bridge_type,,2,46927,Beam,Beam,True,0.9999741684885177,attr_bridge_type,logistic_regression,dinov3_frozen_embeddings_logistic_regression
attr_bridge_type,,2,46931,Beam,Beam,True,0.7167357161974344,attr_bridge_type,logistic_regression,dinov3_frozen_embeddings_logistic_regression
attr_bridge_type,,2,46932,Beam,Beam,True,0.9819316095149468,attr_bridge_type,logistic_regression,dinov3_frozen_embeddings_logistic_regression
attr_bridge_type,,2,47532,Beam,Beam,True,0.9597605233713679,attr_bridge_type,logistic_regression,dinov3_frozen_embeddings_logistic_regression
attr_bridge_type,,2,47533,Beam,Beam,True,0.9976982419519043,attr_bridge_type,logistic_regression,dinov3_frozen_embeddings_logistic_regression
attr_bridge_type,,2,48112,Truss,Beam,False,0.9954918907948268,attr_bridge_type,logistic_regression,dinov3_frozen_embeddings_logistic_regression
attr_bridge_type,,2,50821,Beam,Beam,True,0.9805956717191835,attr_bridge_type,logistic_regression,dinov3_frozen_embeddings_logistic_regression
attr_bridge_type,,2,51525,Suspension,Beam,False,0.46102859880093067,attr_bridge_type,logistic_regression,dinov3_frozen_embeddings_logistic_regression
attr_bridge_type,,2,51798,Beam,Beam,True,0.9665466644854005,attr_bridge_type,logistic_regression,dinov3_frozen_embeddings_logistic_regression
attr_bridge_type,,2,51800,Truss,Beam,False,0.9995770656782641,attr_bridge_type,logistic_regression,dinov3_frozen_embeddings_logistic_regression
attr_bridge_type,,2,51858,Beam,Beam,True,0.9988627923292506,attr_bridge_type,logistic_regression,dinov3_frozen_embeddings_logistic_regression
attr_bridge_type,,2,51941,Beam,Beam,True,0.984767670813355,attr_bridge_type,logistic_regression,dinov3_frozen_embeddings_logistic_regression
attr_bridge_type,,2,52457,Beam,Truss,False,0.8694998635081633,attr_bridge_type,logistic_regression,dinov3_frozen_embeddings_logistic_regression
attr_bridge_type,,2,52551,Beam,Beam,True,0.996394418477205,attr_bridge_type,logistic_regression,dinov3_frozen_embeddings_logistic_regression
attr_bridge_type,,2,53198,Beam,Beam,True,0.9997263534048525,attr_bridge_type,logistic_regression,dinov3_frozen_embeddings_logistic_regression
attr_bridge_type,,2,53798,Beam,Beam,True,0.8282458623790783,attr_bridge_type,logistic_regression,dinov3_frozen_embeddings_logistic_regression
attr_bridge_type,,2,53984,Beam,Beam,True,0.9993620733579263,attr_bridge_type,logistic_regression,dinov3_frozen_embeddings_logistic_regression
attr_bridge_type,,2,53986,Beam,Beam,True,0.6897044059129502,attr_bridge_type,logistic_regression,dinov3_frozen_embeddings_logistic_regression
attr_bridge_type,,2,54324,Suspension,Suspension,True,0.9999957118952454,attr_bridge_type,logistic_regression,dinov3_frozen_embeddings_logistic_regression
attr_bridge_type,,2,54683,Truss,Beam,False,0.9663598591040391,attr_bridge_type,logistic_regression,dinov3_frozen_embeddings_logistic_regression
attr_bridge_type,,2,55116,Truss,Truss,True,0.6593451356468187,attr_bridge_type,logistic_regression,dinov3_frozen_embeddings_logistic_regression
attr_bridge_type,,2,56533,Beam,Truss,False,0.9807848360139273,attr_bridge_type,logistic_regression,dinov3_frozen_embeddings_logistic_regression
attr_bridge_type,,2,58160,Truss,Beam,False,0.8721353767412202,attr_bridge_type,logistic_regression,dinov3_frozen_embeddings_logistic_regression
attr_bridge_type,,2,58163,Beam,Suspension,False,0.7072394111339507,attr_bridge_type,logistic_regression,dinov3_frozen_embeddings_logistic_regression
attr_bridge_type,,2,58410,Beam,Beam,True,0.9947573098990073,attr_bridge_type,logistic_regression,dinov3_frozen_embeddings_logistic_regression
attr_bridge_type,,2,61003,Beam,Beam,True,0.9994907177492549,attr_bridge_type,logistic_regression,dinov3_frozen_embeddings_logistic_regression
attr_bridge_type,,2,63069,Beam,Beam,True,0.9181832911378268,attr_bridge_type,logistic_regression,dinov3_frozen_embeddings_logistic_regression
attr_bridge_type,,2,64109,Truss,Beam,False,0.9515968436531322,attr_bridge_type,logistic_regression,dinov3_frozen_embeddings_logistic_regression
attr_bridge_type,,2,64116,Truss,Truss,True,0.7995275687193186,attr_bridge_type,logistic_regression,dinov3_frozen_embeddings_logistic_regression
attr_bridge_type,,2,64123,Beam,Beam,True,0.9984315243823747,attr_bridge_type,logistic_regression,dinov3_frozen_embeddings_logistic_regression
attr_bridge_type,,2,65424,Beam,Beam,True,0.53483757850134,attr_bridge_type,logistic_regression,dinov3_frozen_embeddings_logistic_regression
attr_bridge_type,,2,65425,Beam,Beam,True,0.6080040351736148,attr_bridge_type,logistic_regression,dinov3_frozen_embeddings_logistic_regression
attr_bridge_type,,2,65608,Beam,Beam,True,0.999650442107292,attr_bridge_type,logistic_regression,dinov3_frozen_embeddings_logistic_regression
attr_bridge_type,,2,66920,Beam,Beam,True,0.8901417679872485,attr_bridge_type,logistic_regression,dinov3_frozen_embeddings_logistic_regression
attr_bridge_type,,2,67206,Beam,Beam,True,0.9966853471919112,attr_bridge_type,logistic_regression,dinov3_frozen_embeddings_logistic_regression
attr_bridge_type,,2,79958,Beam,Beam,True,0.9995465746889755,attr_bridge_type,logistic_regression,dinov3_frozen_embeddings_logistic_regression
attr_bridge_type,,2,82270,Beam,Beam,True,0.9188663852729331,attr_bridge_type,logistic_regression,dinov3_frozen_embeddings_logistic_regression
attr_bridge_type,,2,83150,Beam,Beam,True,0.9980997474226843,attr_bridge_type,logistic_regression,dinov3_frozen_embeddings_logistic_regression
attr_bridge_type,,2,86158,Beam,Beam,True,0.9708377289989427,attr_bridge_type,logistic_regression,dinov3_frozen_embeddings_logistic_regression
attr_bridge_type,,2,86218,Beam,Beam,True,0.6549550824552867,attr_bridge_type,logistic_regression,dinov3_frozen_embeddings_logistic_regression
attr_bridge_type,,2,86369,Beam,Beam,True,0.9685352472362052,attr_bridge_type,logistic_regression,dinov3_frozen_embeddings_logistic_regression
attr_bridge_type,,2,86521,Beam,Beam,True,0.9991340991842325,attr_bridge_type,logistic_regression,dinov3_frozen_embeddings_logistic_regression
attr_bridge_type,,2,87745,Truss,Truss,True,0.9990417631032186,attr_bridge_type,logistic_regression,dinov3_frozen_embeddings_logistic_regression
attr_bridge_type,,2,88220,Beam,Beam,True,0.9993243249157294,attr_bridge_type,logistic_regression,dinov3_frozen_embeddings_logistic_regression
attr_bridge_type,,2,88734,Beam,Beam,True,0.7983658601481313,attr_bridge_type,logistic_regression,dinov3_frozen_embeddings_logistic_regression
attr_bridge_type,,2,89441,Beam,Beam,True,0.9956581745171641,attr_bridge_type,logistic_regression,dinov3_frozen_embeddings_logistic_regression
attr_bridge_type,,2,89442,Beam,Beam,True,0.9999252985472162,attr_bridge_type,logistic_regression,dinov3_frozen_embeddings_logistic_regression
attr_bridge_type,,2,89596,Beam,Beam,True,0.9957671292689184,attr_bridge_type,logistic_regression,dinov3_frozen_embeddings_logistic_regression
attr_bridge_type,,2,89761,Beam,Beam,True,0.999189594019944,attr_bridge_type,logistic_regression,dinov3_frozen_embeddings_logistic_regression
attr_bridge_type,,2,90424,Beam,Beam,True,0.9991408455143979,attr_bridge_type,logistic_regression,dinov3_frozen_embeddings_logistic_regression
attr_bridge_type,,2,91248,Beam,Truss,False,0.7616717560269533,attr_bridge_type,logistic_regression,dinov3_frozen_embeddings_logistic_regression
attr_bridge_type,,2,92164,Beam,Beam,True,0.9996296470535384,attr_bridge_type,logistic_regression,dinov3_frozen_embeddings_logistic_regression
attr_bridge_type,,2,92871,Beam,Beam,True,0.9998320646001916,attr_bridge_type,logistic_regression,dinov3_frozen_embeddings_logistic_regression
attr_bridge_type,,2,93038,Beam,Beam,True,0.9790134098193131,attr_bridge_type,logistic_regression,dinov3_frozen_embeddings_logistic_regression
attr_bridge_type,,2,96291,Beam,Beam,True,0.9948733810679724,attr_bridge_type,logistic_regression,dinov3_frozen_embeddings_logistic_regression
attr_bridge_type,,2,96292,Beam,Beam,True,0.9993600743221492,attr_bridge_type,logistic_regression,dinov3_frozen_embeddings_logistic_regression
attr_bridge_type,,2,99459,Beam,Beam,True,0.9999935303596841,attr_bridge_type,logistic_regression,dinov3_frozen_embeddings_logistic_regression
attr_bridge_type,,2,99880,Beam,Beam,True,0.9908807150010198,attr_bridge_type,logistic_regression,dinov3_frozen_embeddings_logistic_regression
attr_bridge_type,,2,100138,Beam,Beam,True,0.9996080007818003,attr_bridge_type,logistic_regression,dinov3_frozen_embeddings_logistic_regression
attr_bridge_type,,2,100253,Beam,Beam,True,0.9893873748523603,attr_bridge_type,logistic_regression,dinov3_frozen_embeddings_logistic_regression
attr_bridge_type,,2,100262,Beam,Beam,True,0.9998294294984755,attr_bridge_type,logistic_regression,dinov3_frozen_embeddings_logistic_regression
attr_bridge_type,,2,100263,Beam,Beam,True,0.9999039493366872,attr_bridge_type,logistic_regression,dinov3_frozen_embeddings_logistic_regression
attr_bridge_type,,2,100475,Beam,Beam,True,0.9999133129341273,attr_bridge_type,logistic_regression,dinov3_frozen_embeddings_logistic_regression
attr_bridge_type,,2,100482,Beam,Beam,True,0.9933135754880889,attr_bridge_type,logistic_regression,dinov3_frozen_embeddings_logistic_regression
attr_bridge_type,,2,100791,Beam,Beam,True,0.997749385463692,attr_bridge_type,logistic_regression,dinov3_frozen_embeddings_logistic_regression
attr_bridge_type,,2,101129,Beam,Beam,True,0.9993937941101262,attr_bridge_type,logistic_regression,dinov3_frozen_embeddings_logistic_regression
attr_bridge_type,,2,101131,Beam,Beam,True,0.9978899282269703,attr_bridge_type,logistic_regression,dinov3_frozen_embeddings_logistic_regression
attr_bridge_type,,2,101638,Beam,Beam,True,0.999816223940677,attr_bridge_type,logistic_regression,dinov3_frozen_embeddings_logistic_regression
attr_bridge_type,,2,102365,Beam,Beam,True,0.9967503449426113,attr_bridge_type,logistic_regression,dinov3_frozen_embeddings_logistic_regression
attr_bridge_type,,2,102370,Beam,Beam,True,0.9959124440109101,attr_bridge_type,logistic_regression,dinov3_frozen_embeddings_logistic_regression
attr_bridge_type,,2,103256,Truss,Beam,False,0.9955541358965788,attr_bridge_type,logistic_regression,dinov3_frozen_embeddings_logistic_regression
attr_bridge_type,,2,103721,Beam,Beam,True,0.9999780654280921,attr_bridge_type,logistic_regression,dinov3_frozen_embeddings_logistic_regression
attr_bridge_type,,2,104086,Beam,Beam,True,0.9903002351512783,attr_bridge_type,logistic_regression,dinov3_frozen_embeddings_logistic_regression
attr_bridge_type,,2,104097,Beam,Beam,True,0.9906856233587267,attr_bridge_type,logistic_regression,dinov3_frozen_embeddings_logistic_regression
attr_bridge_type,,2,105042,Beam,Beam,True,0.7474009037036741,attr_bridge_type,logistic_regression,dinov3_frozen_embeddings_logistic_regression
attr_bridge_type,,2,105443,Beam,Beam,True,0.9999612783852179,attr_bridge_type,logistic_regression,dinov3_frozen_embeddings_logistic_regression
attr_bridge_type,,2,106027,Beam,Beam,True,0.9997101821077587,attr_bridge_type,logistic_regression,dinov3_frozen_embeddings_logistic_regression
attr_bridge_type,,2,106028,Beam,Beam,True,0.9812930554236966,attr_bridge_type,logistic_regression,dinov3_frozen_embeddings_logistic_regression
attr_bridge_type,,2,106030,Beam,Beam,True,0.989289365541542,attr_bridge_type,logistic_regression,dinov3_frozen_embeddings_logistic_regression
attr_bridge_type,,2,106036,Beam,Beam,True,0.9987110409724859,attr_bridge_type,logistic_regression,dinov3_frozen_embeddings_logistic_regression
attr_bridge_type,,2,106037,Beam,Beam,True,0.9999427718382147,attr_bridge_type,logistic_regression,dinov3_frozen_embeddings_logistic_regression
attr_bridge_type,,2,106637,Beam,Beam,True,0.9987322696325851,attr_bridge_type,logistic_regression,dinov3_frozen_embeddings_logistic_regression
attr_bridge_type,,2,107908,Beam,Beam,True,0.9980770894460852,attr_bridge_type,logistic_regression,dinov3_frozen_embeddings_logistic_regression
attr_bridge_type,,2,107963,Beam,Beam,True,0.9847564743720174,attr_bridge_type,logistic_regression,dinov3_frozen_embeddings_logistic_regression
attr_bridge_type,,2,107973,Beam,Truss,False,0.5592863863582562,attr_bridge_type,logistic_regression,dinov3_frozen_embeddings_logistic_regression
attr_bridge_type,,2,108019,Beam,Beam,True,0.9903502708252283,attr_bridge_type,logistic_regression,dinov3_frozen_embeddings_logistic_regression
attr_bridge_type,,2,108037,Suspension,Suspension,True,0.9974224123536161,attr_bridge_type,logistic_regression,dinov3_frozen_embeddings_logistic_regression
attr_bridge_type,,2,108665,Beam,Beam,True,0.9997246968403286,attr_bridge_type,logistic_regression,dinov3_frozen_embeddings_logistic_regression
attr_bridge_type,,2,108785,Beam,Beam,True,0.9992405716595605,attr_bridge_type,logistic_regression,dinov3_frozen_embeddings_logistic_regression
attr_bridge_type,,2,109138,Beam,Truss,False,0.8487279557591959,attr_bridge_type,logistic_regression,dinov3_frozen_embeddings_logistic_regression
attr_bridge_type,,2,109160,Beam,Beam,True,0.9773621625467109,attr_bridge_type,logistic_regression,dinov3_frozen_embeddings_logistic_regression
attr_bridge_type,,2,109534,Beam,Beam,True,0.9995833636861389,attr_bridge_type,logistic_regression,dinov3_frozen_embeddings_logistic_regression
attr_bridge_type,,2,109538,Beam,Beam,True,0.9999341864814659,attr_bridge_type,logistic_regression,dinov3_frozen_embeddings_logistic_regression
attr_bridge_type,,2,110932,Beam,Beam,True,0.9991914401383453,attr_bridge_type,logistic_regression,dinov3_frozen_embeddings_logistic_regression
attr_bridge_type,,2,112422,Beam,Beam,True,0.9999264700158181,attr_bridge_type,logistic_regression,dinov3_frozen_embeddings_logistic_regression
attr_bridge_type,,2,112834,Truss,Beam,False,0.6577757307589965,attr_bridge_type,logistic_regression,dinov3_frozen_embeddings_logistic_regression
attr_bridge_type,,2,114047,Beam,Beam,True,0.912942587354729,attr_bridge_type,logistic_regression,dinov3_frozen_embeddings_logistic_regression
attr_bridge_type,,2,114962,Beam,Beam,True,0.9995768544185769,attr_bridge_type,logistic_regression,dinov3_frozen_embeddings_logistic_regression
attr_bridge_type,,2,114997,Truss,Truss,True,0.9251400813089792,attr_bridge_type,logistic_regression,dinov3_frozen_embeddings_logistic_regression
attr_bridge_type,,2,115261,Beam,Beam,True,0.9998927314918379,attr_bridge_type,logistic_regression,dinov3_frozen_embeddings_logistic_regression
attr_bridge_type,,2,116737,Beam,Truss,False,0.7802209027309934,attr_bridge_type,logistic_regression,dinov3_frozen_embeddings_logistic_regression
attr_bridge_type,,2,116847,Beam,Beam,True,0.9992860453673809,attr_bridge_type,logistic_regression,dinov3_frozen_embeddings_logistic_regression
attr_bridge_type,,2,118143,Beam,Beam,True,0.9999139023881586,attr_bridge_type,logistic_regression,dinov3_frozen_embeddings_logistic_regression
attr_bridge_type,,2,118797,Beam,Beam,True,0.9995139451525485,attr_bridge_type,logistic_regression,dinov3_frozen_embeddings_logistic_regression
attr_bridge_type,,2,119099,Beam,Beam,True,0.6773115225624711,attr_bridge_type,logistic_regression,dinov3_frozen_embeddings_logistic_regression
attr_bridge_type,,2,119811,Beam,Beam,True,0.9991932613354862,attr_bridge_type,logistic_regression,dinov3_frozen_embeddings_logistic_regression
attr_bridge_type,,2,121698,Beam,Beam,True,0.9966774206577688,attr_bridge_type,logistic_regression,dinov3_frozen_embeddings_logistic_regression
attr_bridge_type,,2,122980,Beam,Beam,True,0.9712725333656705,attr_bridge_type,logistic_regression,dinov3_frozen_embeddings_logistic_regression
attr_bridge_type,,2,122981,Beam,Beam,True,0.9932944457120773,attr_bridge_type,logistic_regression,dinov3_frozen_embeddings_logistic_regression
attr_bridge_type,,2,122830,Beam,Beam,True,0.9959084842429492,attr_bridge_type,logistic_regression,dinov3_frozen_embeddings_logistic_regression
attr_bridge_type,,2,123310,Fallen Tree,Beam,False,0.7334765542303453,attr_bridge_type,logistic_regression,dinov3_frozen_embeddings_logistic_regression
attr_bridge_type,,2,126199,Truss,Beam,False,0.9844739948957214,attr_bridge_type,logistic_regression,dinov3_frozen_embeddings_logistic_regression
attr_bridge_type,,2,127136,Other,Beam,False,0.79035858352743,attr_bridge_type,logistic_regression,dinov3_frozen_embeddings_logistic_regression
attr_bridge_type,,2,127205,Beam,Beam,True,0.9998416319027383,attr_bridge_type,logistic_regression,dinov3_frozen_embeddings_logistic_regression
attr_bridge_type,,2,127388,Beam,Beam,True,0.9654321184350447,attr_bridge_type,logistic_regression,dinov3_frozen_embeddings_logistic_regression
attr_bridge_type,,2,127582,Truss,Truss,True,0.905183362030427,attr_bridge_type,logistic_regression,dinov3_frozen_embeddings_logistic_regression
attr_bridge_type,,2,128831,Beam,Beam,True,0.9996318950454638,attr_bridge_type,logistic_regression,dinov3_frozen_embeddings_logistic_regression
attr_bridge_type,,3,61742,Beam,Beam,True,0.9370770741456558,attr_bridge_type,logistic_regression,dinov3_frozen_embeddings_logistic_regression
attr_bridge_type,,3,89446,Beam,Beam,True,0.999702892058914,attr_bridge_type,logistic_regression,dinov3_frozen_embeddings_logistic_regression
attr_bridge_type,,3,89575,Beam,Beam,True,0.9998100775244305,attr_bridge_type,logistic_regression,dinov3_frozen_embeddings_logistic_regression
attr_bridge_type,,3,89588,Beam,Beam,True,0.9999948455400464,attr_bridge_type,logistic_regression,dinov3_frozen_embeddings_logistic_regression
attr_bridge_type,,3,89601,Beam,Beam,True,0.9999598278525651,attr_bridge_type,logistic_regression,dinov3_frozen_embeddings_logistic_regression
attr_bridge_type,,3,93372,Beam,Beam,True,0.6070614225939853,attr_bridge_type,logistic_regression,dinov3_frozen_embeddings_logistic_regression
attr_bridge_type,,3,103712,Beam,Beam,True,0.999221019085644,attr_bridge_type,logistic_regression,dinov3_frozen_embeddings_logistic_regression
attr_bridge_type,,3,111671,Beam,Beam,True,0.9999925339518556,attr_bridge_type,logistic_regression,dinov3_frozen_embeddings_logistic_regression
attr_bridge_type,,3,112032,Beam,Beam,True,0.999969158326898,attr_bridge_type,logistic_regression,dinov3_frozen_embeddings_logistic_regression
attr_bridge_type,,3,112033,Beam,Beam,True,0.9999730332837184,attr_bridge_type,logistic_regression,dinov3_frozen_embeddings_logistic_regression
attr_bridge_type,,3,117017,Beam,Beam,True,0.9999691901037514,attr_bridge_type,logistic_regression,dinov3_frozen_embeddings_logistic_regression
attr_bridge_type,,3,117362,Beam,Beam,True,0.9996770324815923,attr_bridge_type,logistic_regression,dinov3_frozen_embeddings_logistic_regression
attr_bridge_type,,3,128878,Truss,Beam,False,0.7857692237182319,attr_bridge_type,logistic_regression,dinov3_frozen_embeddings_logistic_regression
attr_bridge_type,,3,46924,Beam,Beam,True,0.9992186092487504,attr_bridge_type,logistic_regression,dinov3_frozen_embeddings_logistic_regression
attr_bridge_type,,3,46928,Beam,Beam,True,0.9999978260793468,attr_bridge_type,logistic_regression,dinov3_frozen_embeddings_logistic_regression
attr_bridge_type,,3,50654,Beam,Beam,True,0.9984985982140799,attr_bridge_type,logistic_regression,dinov3_frozen_embeddings_logistic_regression
attr_bridge_type,,3,51531,Beam,Beam,True,0.9983162402669475,attr_bridge_type,logistic_regression,dinov3_frozen_embeddings_logistic_regression
attr_bridge_type,,3,51532,Beam,Beam,True,0.999988108182352,attr_bridge_type,logistic_regression,dinov3_frozen_embeddings_logistic_regression
attr_bridge_type,,3,53983,Beam,Beam,True,0.6826772346031516,attr_bridge_type,logistic_regression,dinov3_frozen_embeddings_logistic_regression
attr_bridge_type,,3,53985,Beam,Truss,False,0.7273930289564817,attr_bridge_type,logistic_regression,dinov3_frozen_embeddings_logistic_regression
attr_bridge_type,,3,55798,Beam,Beam,True,0.9910086343087117,attr_bridge_type,logistic_regression,dinov3_frozen_embeddings_logistic_regression
attr_bridge_type,,3,56858,Beam,Beam,True,0.9999042555954364,attr_bridge_type,logistic_regression,dinov3_frozen_embeddings_logistic_regression
attr_bridge_type,,3,57118,Beam,Beam,True,0.945457578688897,attr_bridge_type,logistic_regression,dinov3_frozen_embeddings_logistic_regression
attr_bridge_type,,3,58165,Beam,Beam,True,0.9894328566948243,attr_bridge_type,logistic_regression,dinov3_frozen_embeddings_logistic_regression
attr_bridge_type,,3,58413,Beam,Beam,True,0.9999999863858688,attr_bridge_type,logistic_regression,dinov3_frozen_embeddings_logistic_regression
attr_bridge_type,,3,60689,Beam,Beam,True,0.9996734301746382,attr_bridge_type,logistic_regression,dinov3_frozen_embeddings_logistic_regression
attr_bridge_type,,3,61416,Beam,Beam,True,0.9994059698151277,attr_bridge_type,logistic_regression,dinov3_frozen_embeddings_logistic_regression
attr_bridge_type,,3,62089,Beam,Beam,True,0.9439968592436415,attr_bridge_type,logistic_regression,dinov3_frozen_embeddings_logistic_regression
attr_bridge_type,,3,63066,Beam,Truss,False,0.9362216289016779,attr_bridge_type,logistic_regression,dinov3_frozen_embeddings_logistic_regression
attr_bridge_type,,3,63540,Suspension,Beam,False,0.9763724812138648,attr_bridge_type,logistic_regression,dinov3_frozen_embeddings_logistic_regression
attr_bridge_type,,3,65497,Truss,Beam,False,0.9938971772217294,attr_bridge_type,logistic_regression,dinov3_frozen_embeddings_logistic_regression
attr_bridge_type,,3,66915,Beam,Beam,True,0.9429706465852392,attr_bridge_type,logistic_regression,dinov3_frozen_embeddings_logistic_regression
attr_bridge_type,,3,83133,Beam,Beam,True,0.9995655024780468,attr_bridge_type,logistic_regression,dinov3_frozen_embeddings_logistic_regression
attr_bridge_type,,3,83135,Beam,Beam,True,0.9996684778102697,attr_bridge_type,logistic_regression,dinov3_frozen_embeddings_logistic_regression
attr_bridge_type,,3,83138,Beam,Beam,True,0.5266467361415537,attr_bridge_type,logistic_regression,dinov3_frozen_embeddings_logistic_regression
attr_bridge_type,,3,83154,Beam,Beam,True,0.9960769350040695,attr_bridge_type,logistic_regression,dinov3_frozen_embeddings_logistic_regression
attr_bridge_type,,3,83513,Beam,Beam,True,0.5254373756360969,attr_bridge_type,logistic_regression,dinov3_frozen_embeddings_logistic_regression
attr_bridge_type,,3,85177,Truss,Truss,True,0.6158263605505623,attr_bridge_type,logistic_regression,dinov3_frozen_embeddings_logistic_regression
attr_bridge_type,,3,85208,Truss,Truss,True,0.9970123118542086,attr_bridge_type,logistic_regression,dinov3_frozen_embeddings_logistic_regression
attr_bridge_type,,3,85210,Truss,Truss,True,0.9999471712099666,attr_bridge_type,logistic_regression,dinov3_frozen_embeddings_logistic_regression
attr_bridge_type,,3,85487,Beam,Beam,True,0.9985456056279584,attr_bridge_type,logistic_regression,dinov3_frozen_embeddings_logistic_regression
attr_bridge_type,,3,86525,Truss,Beam,False,0.7498722786902926,attr_bridge_type,logistic_regression,dinov3_frozen_embeddings_logistic_regression
attr_bridge_type,,3,87483,Beam,Beam,True,0.9807629284824435,attr_bridge_type,logistic_regression,dinov3_frozen_embeddings_logistic_regression
attr_bridge_type,,3,87549,Beam,Beam,True,0.9091208275973919,attr_bridge_type,logistic_regression,dinov3_frozen_embeddings_logistic_regression
attr_bridge_type,,3,89443,Beam,Beam,True,0.999585622082773,attr_bridge_type,logistic_regression,dinov3_frozen_embeddings_logistic_regression
attr_bridge_type,,3,89452,Beam,Beam,True,0.9984827944956058,attr_bridge_type,logistic_regression,dinov3_frozen_embeddings_logistic_regression
attr_bridge_type,,3,90361,Beam,Beam,True,0.9954226250231119,attr_bridge_type,logistic_regression,dinov3_frozen_embeddings_logistic_regression
attr_bridge_type,,3,90385,Beam,Beam,True,0.9988329456594013,attr_bridge_type,logistic_regression,dinov3_frozen_embeddings_logistic_regression
attr_bridge_type,,3,90505,Beam,Beam,True,0.9849218082610827,attr_bridge_type,logistic_regression,dinov3_frozen_embeddings_logistic_regression
attr_bridge_type,,3,94144,Truss,Beam,False,0.9856472466554032,attr_bridge_type,logistic_regression,dinov3_frozen_embeddings_logistic_regression
attr_bridge_type,,3,96293,Beam,Beam,True,0.999976559543465,attr_bridge_type,logistic_regression,dinov3_frozen_embeddings_logistic_regression
attr_bridge_type,,3,98336,Beam,Beam,True,0.8663234178091023,attr_bridge_type,logistic_regression,dinov3_frozen_embeddings_logistic_regression
attr_bridge_type,,3,98498,Beam,Beam,True,0.9952149346236745,attr_bridge_type,logistic_regression,dinov3_frozen_embeddings_logistic_regression
attr_bridge_type,,3,99460,Beam,Beam,True,0.9998716248755254,attr_bridge_type,logistic_regression,dinov3_frozen_embeddings_logistic_regression
attr_bridge_type,,3,99615,Beam,Beam,True,0.9919340883587796,attr_bridge_type,logistic_regression,dinov3_frozen_embeddings_logistic_regression
attr_bridge_type,,3,99814,Beam,Beam,True,0.999466199425132,attr_bridge_type,logistic_regression,dinov3_frozen_embeddings_logistic_regression
attr_bridge_type,,3,100177,Beam,Beam,True,0.9974342152041062,attr_bridge_type,logistic_regression,dinov3_frozen_embeddings_logistic_regression
attr_bridge_type,,3,100272,Beam,Beam,True,0.9983065975441665,attr_bridge_type,logistic_regression,dinov3_frozen_embeddings_logistic_regression
attr_bridge_type,,3,101132,Beam,Beam,True,0.9863116201905667,attr_bridge_type,logistic_regression,dinov3_frozen_embeddings_logistic_regression
attr_bridge_type,,3,101134,Beam,Beam,True,0.9990322785558451,attr_bridge_type,logistic_regression,dinov3_frozen_embeddings_logistic_regression
attr_bridge_type,,3,101869,Beam,Beam,True,0.9969455877685361,attr_bridge_type,logistic_regression,dinov3_frozen_embeddings_logistic_regression
attr_bridge_type,,3,102354,Beam,Other,False,0.8893970096579488,attr_bridge_type,logistic_regression,dinov3_frozen_embeddings_logistic_regression
attr_bridge_type,,3,102468,Beam,Beam,True,0.9945957693315648,attr_bridge_type,logistic_regression,dinov3_frozen_embeddings_logistic_regression
attr_bridge_type,,3,104170,Beam,Beam,True,0.9999959370383702,attr_bridge_type,logistic_regression,dinov3_frozen_embeddings_logistic_regression
attr_bridge_type,,3,104172,Beam,Truss,False,0.6482173661615368,attr_bridge_type,logistic_regression,dinov3_frozen_embeddings_logistic_regression
attr_bridge_type,,3,104865,Beam,Beam,True,0.8499289738861264,attr_bridge_type,logistic_regression,dinov3_frozen_embeddings_logistic_regression
attr_bridge_type,,3,106042,Beam,Beam,True,0.962918660561446,attr_bridge_type,logistic_regression,dinov3_frozen_embeddings_logistic_regression
attr_bridge_type,,3,106264,Beam,Beam,True,0.9998102386839343,attr_bridge_type,logistic_regression,dinov3_frozen_embeddings_logistic_regression
attr_bridge_type,,3,107911,Beam,Beam,True,0.9997079650426861,attr_bridge_type,logistic_regression,dinov3_frozen_embeddings_logistic_regression
attr_bridge_type,,3,107912,Beam,Beam,True,0.9976200553591399,attr_bridge_type,logistic_regression,dinov3_frozen_embeddings_logistic_regression
attr_bridge_type,,3,107914,Beam,Beam,True,0.9993871215053098,attr_bridge_type,logistic_regression,dinov3_frozen_embeddings_logistic_regression
attr_bridge_type,,3,107961,Beam,Beam,True,0.9838220286874765,attr_bridge_type,logistic_regression,dinov3_frozen_embeddings_logistic_regression
attr_bridge_type,,3,107969,Suspension,Suspension,True,0.9997628344489713,attr_bridge_type,logistic_regression,dinov3_frozen_embeddings_logistic_regression
attr_bridge_type,,3,107998,Beam,Beam,True,0.9978862170959322,attr_bridge_type,logistic_regression,dinov3_frozen_embeddings_logistic_regression
attr_bridge_type,,3,108731,Beam,Beam,True,0.999901172477207,attr_bridge_type,logistic_regression,dinov3_frozen_embeddings_logistic_regression
attr_bridge_type,,3,109151,Beam,Truss,False,0.5140436846153691,attr_bridge_type,logistic_regression,dinov3_frozen_embeddings_logistic_regression
attr_bridge_type,,3,109619,Beam,Beam,True,0.9875132613602067,attr_bridge_type,logistic_regression,dinov3_frozen_embeddings_logistic_regression
attr_bridge_type,,3,110131,Beam,Beam,True,0.999475167969504,attr_bridge_type,logistic_regression,dinov3_frozen_embeddings_logistic_regression
attr_bridge_type,,3,110169,Beam,Beam,True,0.6035493138272983,attr_bridge_type,logistic_regression,dinov3_frozen_embeddings_logistic_regression
attr_bridge_type,,3,110810,Beam,Beam,True,0.9998037514093832,attr_bridge_type,logistic_regression,dinov3_frozen_embeddings_logistic_regression
attr_bridge_type,,3,110956,Beam,Beam,True,0.9999468731592102,attr_bridge_type,logistic_regression,dinov3_frozen_embeddings_logistic_regression
attr_bridge_type,,3,111002,Beam,Beam,True,0.9958727342624666,attr_bridge_type,logistic_regression,dinov3_frozen_embeddings_logistic_regression
attr_bridge_type,,3,111951,Beam,Fallen Tree,False,0.9325567985072398,attr_bridge_type,logistic_regression,dinov3_frozen_embeddings_logistic_regression
attr_bridge_type,,3,113159,Beam,Beam,True,0.9972246265695422,attr_bridge_type,logistic_regression,dinov3_frozen_embeddings_logistic_regression
attr_bridge_type,,3,113184,Beam,Beam,True,0.999073557326859,attr_bridge_type,logistic_regression,dinov3_frozen_embeddings_logistic_regression
attr_bridge_type,,3,113217,Beam,Beam,True,0.9999930642651472,attr_bridge_type,logistic_regression,dinov3_frozen_embeddings_logistic_regression
attr_bridge_type,,3,113954,Beam,Beam,True,0.9941076303495207,attr_bridge_type,logistic_regression,dinov3_frozen_embeddings_logistic_regression
attr_bridge_type,,3,114635,Beam,Beam,True,0.9997155065862791,attr_bridge_type,logistic_regression,dinov3_frozen_embeddings_logistic_regression
attr_bridge_type,,3,114646,Beam,Beam,True,0.6611515479097283,attr_bridge_type,logistic_regression,dinov3_frozen_embeddings_logistic_regression
attr_bridge_type,,3,114940,Beam,Beam,True,0.9971696990681754,attr_bridge_type,logistic_regression,dinov3_frozen_embeddings_logistic_regression
attr_bridge_type,,3,114971,Beam,Beam,True,0.9993059663472431,attr_bridge_type,logistic_regression,dinov3_frozen_embeddings_logistic_regression
attr_bridge_type,,3,115209,Beam,Beam,True,0.9999011378674277,attr_bridge_type,logistic_regression,dinov3_frozen_embeddings_logistic_regression
attr_bridge_type,,3,115870,Beam,Beam,True,0.9999705979290002,attr_bridge_type,logistic_regression,dinov3_frozen_embeddings_logistic_regression
attr_bridge_type,,3,117196,Truss,Truss,True,0.9547341894917907,attr_bridge_type,logistic_regression,dinov3_frozen_embeddings_logistic_regression
attr_bridge_type,,3,117363,Beam,Beam,True,0.9646626246234613,attr_bridge_type,logistic_regression,dinov3_frozen_embeddings_logistic_regression
attr_bridge_type,,3,117365,Beam,Beam,True,0.9991381365601039,attr_bridge_type,logistic_regression,dinov3_frozen_embeddings_logistic_regression
attr_bridge_type,,3,118923,Truss,Truss,True,0.9998752976474371,attr_bridge_type,logistic_regression,dinov3_frozen_embeddings_logistic_regression
attr_bridge_type,,3,119774,Beam,Beam,True,0.9958233834222149,attr_bridge_type,logistic_regression,dinov3_frozen_embeddings_logistic_regression
attr_bridge_type,,3,119863,Beam,Beam,True,0.9997904489180771,attr_bridge_type,logistic_regression,dinov3_frozen_embeddings_logistic_regression
attr_bridge_type,,3,119948,Beam,Beam,True,0.9999979694945009,attr_bridge_type,logistic_regression,dinov3_frozen_embeddings_logistic_regression
attr_bridge_type,,3,120294,Beam,Beam,True,0.9680577199620564,attr_bridge_type,logistic_regression,dinov3_frozen_embeddings_logistic_regression
attr_bridge_type,,3,122445,Beam,Beam,True,0.9858382641642627,attr_bridge_type,logistic_regression,dinov3_frozen_embeddings_logistic_regression
attr_bridge_type,,3,122828,Beam,Beam,True,0.9984915164189634,attr_bridge_type,logistic_regression,dinov3_frozen_embeddings_logistic_regression
attr_bridge_type,,3,123159,Beam,Beam,True,0.8091419205895936,attr_bridge_type,logistic_regression,dinov3_frozen_embeddings_logistic_regression
attr_bridge_type,,3,123161,Beam,Beam,True,0.7846609332078398,attr_bridge_type,logistic_regression,dinov3_frozen_embeddings_logistic_regression
attr_bridge_type,,3,123167,Beam,Beam,True,0.9971908504766338,attr_bridge_type,logistic_regression,dinov3_frozen_embeddings_logistic_regression
attr_bridge_type,,3,123218,Beam,Beam,True,0.9998544442763431,attr_bridge_type,logistic_regression,dinov3_frozen_embeddings_logistic_regression
attr_bridge_type,,3,123585,Beam,Beam,True,0.9085775682605988,attr_bridge_type,logistic_regression,dinov3_frozen_embeddings_logistic_regression
attr_bridge_type,,3,123655,Beam,Beam,True,0.9825333693645468,attr_bridge_type,logistic_regression,dinov3_frozen_embeddings_logistic_regression
attr_bridge_type,,3,126356,Suspension,Suspension,True,0.7031415360792751,attr_bridge_type,logistic_regression,dinov3_frozen_embeddings_logistic_regression
attr_bridge_type,,3,126721,Truss,Beam,False,0.700712875279425,attr_bridge_type,logistic_regression,dinov3_frozen_embeddings_logistic_regression
attr_bridge_type,,3,126737,Beam,Beam,True,0.9999952704157763,attr_bridge_type,logistic_regression,dinov3_frozen_embeddings_logistic_regression
attr_bridge_type,,3,126774,Truss,Beam,False,0.9052396656627629,attr_bridge_type,logistic_regression,dinov3_frozen_embeddings_logistic_regression
attr_bridge_type,,3,126799,Truss,Truss,True,0.9993746546081718,attr_bridge_type,logistic_regression,dinov3_frozen_embeddings_logistic_regression
attr_bridge_type,,3,126915,Beam,Truss,False,0.9907910532380895,attr_bridge_type,logistic_regression,dinov3_frozen_embeddings_logistic_regression
attr_bridge_type,,3,127145,Beam,Other,False,0.9597097857087806,attr_bridge_type,logistic_regression,dinov3_frozen_embeddings_logistic_regression
attr_bridge_type,,3,128273,Other,Truss,False,0.8429579366906538,attr_bridge_type,logistic_regression,dinov3_frozen_embeddings_logistic_regression
attr_bridge_type,,3,128643,Beam,Beam,True,0.9840985409216424,attr_bridge_type,logistic_regression,dinov3_frozen_embeddings_logistic_regression
attr_bridge_type,,3,128828,Beam,Beam,True,0.9740185982929496,attr_bridge_type,logistic_regression,dinov3_frozen_embeddings_logistic_regression
attr_bridge_type,,3,128830,Beam,Beam,True,0.9940982125861549,attr_bridge_type,logistic_regression,dinov3_frozen_embeddings_logistic_regression
attr_bridge_type,,3,129304,Fallen Tree,Beam,False,0.9994026490202866,attr_bridge_type,logistic_regression,dinov3_frozen_embeddings_logistic_regression
attr_bridge_type,,3,129739,Beam,Beam,True,0.9980694708936803,attr_bridge_type,logistic_regression,dinov3_frozen_embeddings_logistic_regression
attr_bridge_type,,4,83458,Beam,Beam,True,0.9848682814095483,attr_bridge_type,logistic_regression,dinov3_frozen_embeddings_logistic_regression
attr_bridge_type,,4,87575,Beam,Beam,True,0.9622091550135625,attr_bridge_type,logistic_regression,dinov3_frozen_embeddings_logistic_regression
attr_bridge_type,,4,89574,Beam,Beam,True,0.9976120657270492,attr_bridge_type,logistic_regression,dinov3_frozen_embeddings_logistic_regression
attr_bridge_type,,4,89598,Beam,Beam,True,0.9999824654512817,attr_bridge_type,logistic_regression,dinov3_frozen_embeddings_logistic_regression
attr_bridge_type,,4,93039,Beam,Beam,True,0.9991328992478802,attr_bridge_type,logistic_regression,dinov3_frozen_embeddings_logistic_regression
attr_bridge_type,,4,96332,Beam,Beam,True,0.9991298346972173,attr_bridge_type,logistic_regression,dinov3_frozen_embeddings_logistic_regression
attr_bridge_type,,4,100555,Beam,Beam,True,0.9967288517022678,attr_bridge_type,logistic_regression,dinov3_frozen_embeddings_logistic_regression
attr_bridge_type,,4,103708,Beam,Beam,True,0.9999783301241643,attr_bridge_type,logistic_regression,dinov3_frozen_embeddings_logistic_regression
attr_bridge_type,,4,103740,Beam,Beam,True,0.9995084489041433,attr_bridge_type,logistic_regression,dinov3_frozen_embeddings_logistic_regression
attr_bridge_type,,4,128879,Truss,Truss,True,0.8818753830286002,attr_bridge_type,logistic_regression,dinov3_frozen_embeddings_logistic_regression
attr_bridge_type,,4,47637,Beam,Beam,True,0.867268253568255,attr_bridge_type,logistic_regression,dinov3_frozen_embeddings_logistic_regression
attr_bridge_type,,4,48625,Beam,Beam,True,0.9998939952009985,attr_bridge_type,logistic_regression,dinov3_frozen_embeddings_logistic_regression
attr_bridge_type,,4,49062,Truss,Beam,False,0.99954783396021,attr_bridge_type,logistic_regression,dinov3_frozen_embeddings_logistic_regression
attr_bridge_type,,4,51524,Beam,Beam,True,0.8544241252418292,attr_bridge_type,logistic_regression,dinov3_frozen_embeddings_logistic_regression
attr_bridge_type,,4,51528,Beam,Beam,True,0.9396415895614246,attr_bridge_type,logistic_regression,dinov3_frozen_embeddings_logistic_regression
attr_bridge_type,,4,51799,Beam,Beam,True,0.9625975941531015,attr_bridge_type,logistic_regression,dinov3_frozen_embeddings_logistic_regression
attr_bridge_type,,4,54322,Suspension,Suspension,True,0.9947569621063597,attr_bridge_type,logistic_regression,dinov3_frozen_embeddings_logistic_regression
attr_bridge_type,,4,54325,Suspension,Beam,False,0.9846177356130835,attr_bridge_type,logistic_regression,dinov3_frozen_embeddings_logistic_regression
attr_bridge_type,,4,56467,Truss,Truss,True,0.8449950155013017,attr_bridge_type,logistic_regression,dinov3_frozen_embeddings_logistic_regression
attr_bridge_type,,4,57833,Beam,Beam,True,0.9774656565645327,attr_bridge_type,logistic_regression,dinov3_frozen_embeddings_logistic_regression
attr_bridge_type,,4,58954,Beam,Beam,True,0.9998731241871336,attr_bridge_type,logistic_regression,dinov3_frozen_embeddings_logistic_regression
attr_bridge_type,,4,61111,Beam,Beam,True,0.9980105221576409,attr_bridge_type,logistic_regression,dinov3_frozen_embeddings_logistic_regression
attr_bridge_type,,4,61413,Beam,Beam,True,0.9998872029285139,attr_bridge_type,logistic_regression,dinov3_frozen_embeddings_logistic_regression
attr_bridge_type,,4,61414,Beam,Beam,True,0.9994861951447783,attr_bridge_type,logistic_regression,dinov3_frozen_embeddings_logistic_regression
attr_bridge_type,,4,62088,Beam,Beam,True,0.9926557910008573,attr_bridge_type,logistic_regression,dinov3_frozen_embeddings_logistic_regression
attr_bridge_type,,4,62442,Beam,Truss,False,0.9898815096502118,attr_bridge_type,logistic_regression,dinov3_frozen_embeddings_logistic_regression
attr_bridge_type,,4,63068,Truss,Truss,True,0.9999581911116665,attr_bridge_type,logistic_regression,dinov3_frozen_embeddings_logistic_regression
attr_bridge_type,,4,64131,Truss,Truss,True,0.9890366296633837,attr_bridge_type,logistic_regression,dinov3_frozen_embeddings_logistic_regression
attr_bridge_type,,4,64137,Beam,Beam,True,0.9999994333210795,attr_bridge_type,logistic_regression,dinov3_frozen_embeddings_logistic_regression
attr_bridge_type,,4,64138,Beam,Fallen Tree,False,0.671386031222528,attr_bridge_type,logistic_regression,dinov3_frozen_embeddings_logistic_regression
attr_bridge_type,,4,64643,Beam,Beam,True,0.9154891669151562,attr_bridge_type,logistic_regression,dinov3_frozen_embeddings_logistic_regression
attr_bridge_type,,4,65609,Beam,Beam,True,0.6459863687195773,attr_bridge_type,logistic_regression,dinov3_frozen_embeddings_logistic_regression
attr_bridge_type,,4,65788,Beam,Truss,False,0.8372693223431442,attr_bridge_type,logistic_regression,dinov3_frozen_embeddings_logistic_regression
attr_bridge_type,,4,66207,Fallen Tree,Beam,False,0.9963825005118717,attr_bridge_type,logistic_regression,dinov3_frozen_embeddings_logistic_regression
attr_bridge_type,,4,81808,Beam,Beam,True,0.9939050391245242,attr_bridge_type,logistic_regression,dinov3_frozen_embeddings_logistic_regression
attr_bridge_type,,4,83132,Beam,Beam,True,0.9959503022519456,attr_bridge_type,logistic_regression,dinov3_frozen_embeddings_logistic_regression
attr_bridge_type,,4,83134,Beam,Beam,True,0.9975729002109328,attr_bridge_type,logistic_regression,dinov3_frozen_embeddings_logistic_regression
attr_bridge_type,,4,83900,Suspension,Suspension,True,0.99997751392608,attr_bridge_type,logistic_regression,dinov3_frozen_embeddings_logistic_regression
attr_bridge_type,,4,85364,Beam,Beam,True,0.9999187232453122,attr_bridge_type,logistic_regression,dinov3_frozen_embeddings_logistic_regression
attr_bridge_type,,4,87736,Truss,Truss,True,0.7911213180025439,attr_bridge_type,logistic_regression,dinov3_frozen_embeddings_logistic_regression
attr_bridge_type,,4,87961,Truss,Truss,True,0.886300764203778,attr_bridge_type,logistic_regression,dinov3_frozen_embeddings_logistic_regression
attr_bridge_type,,4,89447,Beam,Beam,True,0.9974429219624742,attr_bridge_type,logistic_regression,dinov3_frozen_embeddings_logistic_regression
attr_bridge_type,,4,89580,Beam,Beam,True,0.9999577130153099,attr_bridge_type,logistic_regression,dinov3_frozen_embeddings_logistic_regression
attr_bridge_type,,4,89590,Truss,Truss,True,0.9812689613276158,attr_bridge_type,logistic_regression,dinov3_frozen_embeddings_logistic_regression
attr_bridge_type,,4,89597,Truss,Beam,False,0.9205430116467762,attr_bridge_type,logistic_regression,dinov3_frozen_embeddings_logistic_regression
attr_bridge_type,,4,90408,Beam,Beam,True,0.8807114494433881,attr_bridge_type,logistic_regression,dinov3_frozen_embeddings_logistic_regression
attr_bridge_type,,4,90412,Beam,Truss,False,0.631289470238704,attr_bridge_type,logistic_regression,dinov3_frozen_embeddings_logistic_regression
attr_bridge_type,,4,92039,Beam,Beam,True,0.6214286225629675,attr_bridge_type,logistic_regression,dinov3_frozen_embeddings_logistic_regression
attr_bridge_type,,4,92794,Beam,Beam,True,0.9986274439376747,attr_bridge_type,logistic_regression,dinov3_frozen_embeddings_logistic_regression
attr_bridge_type,,4,92800,Beam,Beam,True,0.9999956551633095,attr_bridge_type,logistic_regression,dinov3_frozen_embeddings_logistic_regression
attr_bridge_type,,4,93043,Beam,Beam,True,0.8559289844090643,attr_bridge_type,logistic_regression,dinov3_frozen_embeddings_logistic_regression
attr_bridge_type,,4,96854,Beam,Beam,True,0.9940030303094437,attr_bridge_type,logistic_regression,dinov3_frozen_embeddings_logistic_regression
attr_bridge_type,,4,97906,Beam,Beam,True,0.9954564620519274,attr_bridge_type,logistic_regression,dinov3_frozen_embeddings_logistic_regression
attr_bridge_type,,4,98492,Beam,Beam,True,0.9998931648925746,attr_bridge_type,logistic_regression,dinov3_frozen_embeddings_logistic_regression
attr_bridge_type,,4,98531,Beam,Truss,False,0.6882178723741796,attr_bridge_type,logistic_regression,dinov3_frozen_embeddings_logistic_regression
attr_bridge_type,,4,100148,Beam,Beam,True,0.9963114860456046,attr_bridge_type,logistic_regression,dinov3_frozen_embeddings_logistic_regression
attr_bridge_type,,4,100251,Beam,Beam,True,0.998995517456159,attr_bridge_type,logistic_regression,dinov3_frozen_embeddings_logistic_regression
attr_bridge_type,,4,100267,Beam,Beam,True,0.9999713424799082,attr_bridge_type,logistic_regression,dinov3_frozen_embeddings_logistic_regression
attr_bridge_type,,4,100270,Beam,Beam,True,0.9999808189977955,attr_bridge_type,logistic_regression,dinov3_frozen_embeddings_logistic_regression
attr_bridge_type,,4,100274,Beam,Beam,True,0.9996982783488102,attr_bridge_type,logistic_regression,dinov3_frozen_embeddings_logistic_regression
attr_bridge_type,,4,100347,Beam,Beam,True,0.9964263916501388,attr_bridge_type,logistic_regression,dinov3_frozen_embeddings_logistic_regression
attr_bridge_type,,4,100348,Beam,Beam,True,0.997025959688587,attr_bridge_type,logistic_regression,dinov3_frozen_embeddings_logistic_regression
attr_bridge_type,,4,100747,Beam,Beam,True,0.999800087406694,attr_bridge_type,logistic_regression,dinov3_frozen_embeddings_logistic_regression
attr_bridge_type,,4,100758,Beam,Beam,True,0.9999990516559863,attr_bridge_type,logistic_regression,dinov3_frozen_embeddings_logistic_regression
attr_bridge_type,,4,101779,Beam,Beam,True,0.7471501000197251,attr_bridge_type,logistic_regression,dinov3_frozen_embeddings_logistic_regression
attr_bridge_type,,4,101988,Beam,Beam,True,0.9998867099807256,attr_bridge_type,logistic_regression,dinov3_frozen_embeddings_logistic_regression
attr_bridge_type,,4,102352,Beam,Beam,True,0.9800964461713404,attr_bridge_type,logistic_regression,dinov3_frozen_embeddings_logistic_regression
attr_bridge_type,,4,102355,Beam,Beam,True,0.9998576101797444,attr_bridge_type,logistic_regression,dinov3_frozen_embeddings_logistic_regression
attr_bridge_type,,4,102359,Beam,Beam,True,0.9999739308634076,attr_bridge_type,logistic_regression,dinov3_frozen_embeddings_logistic_regression
attr_bridge_type,,4,102808,Beam,Beam,True,0.9996163732637495,attr_bridge_type,logistic_regression,dinov3_frozen_embeddings_logistic_regression
attr_bridge_type,,4,102816,Beam,Truss,False,0.5421670060321546,attr_bridge_type,logistic_regression,dinov3_frozen_embeddings_logistic_regression
attr_bridge_type,,4,102851,Beam,Beam,True,0.9998520338884834,attr_bridge_type,logistic_regression,dinov3_frozen_embeddings_logistic_regression
attr_bridge_type,,4,105287,Beam,Beam,True,0.9914165218729842,attr_bridge_type,logistic_regression,dinov3_frozen_embeddings_logistic_regression
attr_bridge_type,,4,105437,Beam,Beam,True,0.9205231608603922,attr_bridge_type,logistic_regression,dinov3_frozen_embeddings_logistic_regression
attr_bridge_type,,4,105438,Beam,Beam,True,0.9997474243406731,attr_bridge_type,logistic_regression,dinov3_frozen_embeddings_logistic_regression
attr_bridge_type,,4,105442,Beam,Beam,True,0.9999974470698432,attr_bridge_type,logistic_regression,dinov3_frozen_embeddings_logistic_regression
attr_bridge_type,,4,106032,Beam,Beam,True,0.9995621622683859,attr_bridge_type,logistic_regression,dinov3_frozen_embeddings_logistic_regression
attr_bridge_type,,4,106266,Beam,Beam,True,0.998481836485686,attr_bridge_type,logistic_regression,dinov3_frozen_embeddings_logistic_regression
attr_bridge_type,,4,106273,Beam,Beam,True,0.9972435399546681,attr_bridge_type,logistic_regression,dinov3_frozen_embeddings_logistic_regression
attr_bridge_type,,4,107897,Beam,Truss,False,0.9525426988155562,attr_bridge_type,logistic_regression,dinov3_frozen_embeddings_logistic_regression
attr_bridge_type,,4,107898,Beam,Beam,True,0.9996708672836838,attr_bridge_type,logistic_regression,dinov3_frozen_embeddings_logistic_regression
attr_bridge_type,,4,107922,Beam,Beam,True,0.9999277525234367,attr_bridge_type,logistic_regression,dinov3_frozen_embeddings_logistic_regression
attr_bridge_type,,4,107923,Beam,Beam,True,0.9994841688550514,attr_bridge_type,logistic_regression,dinov3_frozen_embeddings_logistic_regression
attr_bridge_type,,4,108107,Beam,Beam,True,0.9999556197035743,attr_bridge_type,logistic_regression,dinov3_frozen_embeddings_logistic_regression
attr_bridge_type,,4,108662,Beam,Beam,True,0.9999466707541417,attr_bridge_type,logistic_regression,dinov3_frozen_embeddings_logistic_regression
attr_bridge_type,,4,109148,Beam,Beam,True,0.9285966729675308,attr_bridge_type,logistic_regression,dinov3_frozen_embeddings_logistic_regression
attr_bridge_type,,4,109149,Beam,Truss,False,0.9862006425767186,attr_bridge_type,logistic_regression,dinov3_frozen_embeddings_logistic_regression
attr_bridge_type,,4,109166,Beam,Beam,True,0.7114557012125193,attr_bridge_type,logistic_regression,dinov3_frozen_embeddings_logistic_regression
attr_bridge_type,,4,109167,Beam,Beam,True,0.716632681903946,attr_bridge_type,logistic_regression,dinov3_frozen_embeddings_logistic_regression
attr_bridge_type,,4,109821,Beam,Beam,True,0.9984044964404493,attr_bridge_type,logistic_regression,dinov3_frozen_embeddings_logistic_regression
attr_bridge_type,,4,110164,Beam,Beam,True,0.9903790118027983,attr_bridge_type,logistic_regression,dinov3_frozen_embeddings_logistic_regression
attr_bridge_type,,4,110170,Beam,Beam,True,0.9996622651048171,attr_bridge_type,logistic_regression,dinov3_frozen_embeddings_logistic_regression
attr_bridge_type,,4,110944,Beam,Beam,True,0.999999756346848,attr_bridge_type,logistic_regression,dinov3_frozen_embeddings_logistic_regression
attr_bridge_type,,4,111648,Beam,Beam,True,0.9999918023961812,attr_bridge_type,logistic_regression,dinov3_frozen_embeddings_logistic_regression
attr_bridge_type,,4,111782,Beam,Beam,True,0.9506303999692849,attr_bridge_type,logistic_regression,dinov3_frozen_embeddings_logistic_regression
attr_bridge_type,,4,112868,Beam,Beam,True,0.9743974770142131,attr_bridge_type,logistic_regression,dinov3_frozen_embeddings_logistic_regression
attr_bridge_type,,4,113126,Beam,Beam,True,0.9999804906637609,attr_bridge_type,logistic_regression,dinov3_frozen_embeddings_logistic_regression
attr_bridge_type,,4,113163,Beam,Beam,True,0.9592422124898344,attr_bridge_type,logistic_regression,dinov3_frozen_embeddings_logistic_regression
attr_bridge_type,,4,113164,Beam,Beam,True,0.9988863252497404,attr_bridge_type,logistic_regression,dinov3_frozen_embeddings_logistic_regression
attr_bridge_type,,4,114290,Beam,Beam,True,0.9997430581648953,attr_bridge_type,logistic_regression,dinov3_frozen_embeddings_logistic_regression
attr_bridge_type,,4,114291,Beam,Beam,True,0.999973048491235,attr_bridge_type,logistic_regression,dinov3_frozen_embeddings_logistic_regression
attr_bridge_type,,4,114711,Beam,Beam,True,0.9999538673996639,attr_bridge_type,logistic_regression,dinov3_frozen_embeddings_logistic_regression
attr_bridge_type,,4,115268,Beam,Beam,True,0.9997985119112639,attr_bridge_type,logistic_regression,dinov3_frozen_embeddings_logistic_regression
attr_bridge_type,,4,117364,Beam,Beam,True,0.9994735590833764,attr_bridge_type,logistic_regression,dinov3_frozen_embeddings_logistic_regression
attr_bridge_type,,4,117720,Beam,Beam,True,0.9999949638036715,attr_bridge_type,logistic_regression,dinov3_frozen_embeddings_logistic_regression
attr_bridge_type,,4,118250,Beam,Beam,True,0.6645434785113933,attr_bridge_type,logistic_regression,dinov3_frozen_embeddings_logistic_regression
attr_bridge_type,,4,118254,Truss,Truss,True,0.9440580600305465,attr_bridge_type,logistic_regression,dinov3_frozen_embeddings_logistic_regression
attr_bridge_type,,4,118758,Beam,Beam,True,0.9993281830183712,attr_bridge_type,logistic_regression,dinov3_frozen_embeddings_logistic_regression
attr_bridge_type,,4,121497,Beam,Beam,True,0.9981878026693916,attr_bridge_type,logistic_regression,dinov3_frozen_embeddings_logistic_regression
attr_bridge_type,,4,121504,Beam,Beam,True,0.9987527509375747,attr_bridge_type,logistic_regression,dinov3_frozen_embeddings_logistic_regression
attr_bridge_type,,4,121696,Beam,Beam,True,0.9636497179528156,attr_bridge_type,logistic_regression,dinov3_frozen_embeddings_logistic_regression
attr_bridge_type,,4,121993,Beam,Beam,True,0.9999283714109015,attr_bridge_type,logistic_regression,dinov3_frozen_embeddings_logistic_regression
attr_bridge_type,,4,122244,Beam,Beam,True,0.9993835206972138,attr_bridge_type,logistic_regression,dinov3_frozen_embeddings_logistic_regression
attr_bridge_type,,4,122441,Beam,Beam,True,0.9070835801151793,attr_bridge_type,logistic_regression,dinov3_frozen_embeddings_logistic_regression
attr_bridge_type,,4,123354,Beam,Beam,True,0.9436440156616914,attr_bridge_type,logistic_regression,dinov3_frozen_embeddings_logistic_regression
attr_bridge_type,,4,126340,Beam,Truss,False,0.8622163165194574,attr_bridge_type,logistic_regression,dinov3_frozen_embeddings_logistic_regression
attr_bridge_type,,4,126709,Other,Beam,False,0.997612253703744,attr_bridge_type,logistic_regression,dinov3_frozen_embeddings_logistic_regression
attr_bridge_type,,4,126803,Truss,Truss,True,0.9960831562925594,attr_bridge_type,logistic_regression,dinov3_frozen_embeddings_logistic_regression
attr_bridge_type,,4,126809,Truss,Truss,True,0.7198360434027448,attr_bridge_type,logistic_regression,dinov3_frozen_embeddings_logistic_regression
attr_bridge_type,,4,126914,Other,Other,True,0.5052990740288016,attr_bridge_type,logistic_regression,dinov3_frozen_embeddings_logistic_regression
attr_bridge_type,,4,128041,Beam,Beam,True,0.8307632827373231,attr_bridge_type,logistic_regression,dinov3_frozen_embeddings_logistic_regression
attr_bridge_type,,4,128034,Beam,Truss,False,0.9926524727490207,attr_bridge_type,logistic_regression,dinov3_frozen_embeddings_logistic_regression
attr_bridge_type,,5,61735,Beam,Beam,True,0.9998388139574035,attr_bridge_type,logistic_regression,dinov3_frozen_embeddings_logistic_regression
attr_bridge_type,,5,88097,Beam,Beam,True,0.8444746270174708,attr_bridge_type,logistic_regression,dinov3_frozen_embeddings_logistic_regression
attr_bridge_type,,5,89577,Beam,Beam,True,0.9998970277969859,attr_bridge_type,logistic_regression,dinov3_frozen_embeddings_logistic_regression
attr_bridge_type,,5,89579,Beam,Beam,True,0.9997610949200304,attr_bridge_type,logistic_regression,dinov3_frozen_embeddings_logistic_regression
attr_bridge_type,,5,89581,Beam,Beam,True,0.9998075393311479,attr_bridge_type,logistic_regression,dinov3_frozen_embeddings_logistic_regression
attr_bridge_type,,5,89582,Beam,Beam,True,0.9999909789218365,attr_bridge_type,logistic_regression,dinov3_frozen_embeddings_logistic_regression
attr_bridge_type,,5,89594,Beam,Beam,True,0.9999761514435912,attr_bridge_type,logistic_regression,dinov3_frozen_embeddings_logistic_regression
attr_bridge_type,,5,107082,Beam,Beam,True,0.9999531575299652,attr_bridge_type,logistic_regression,dinov3_frozen_embeddings_logistic_regression
attr_bridge_type,,5,109419,Beam,Beam,True,0.9999630055156694,attr_bridge_type,logistic_regression,dinov3_frozen_embeddings_logistic_regression
attr_bridge_type,,5,112034,Beam,Beam,True,0.9999879139525096,attr_bridge_type,logistic_regression,dinov3_frozen_embeddings_logistic_regression
attr_bridge_type,,5,112035,Beam,Beam,True,0.9999943688965724,attr_bridge_type,logistic_regression,dinov3_frozen_embeddings_logistic_regression
attr_bridge_type,,5,118202,Beam,Beam,True,0.9999917896850925,attr_bridge_type,logistic_regression,dinov3_frozen_embeddings_logistic_regression
attr_bridge_type,,5,118203,Beam,Beam,True,0.9998949863105563,attr_bridge_type,logistic_regression,dinov3_frozen_embeddings_logistic_regression
attr_bridge_type,,5,127242,Beam,Beam,True,0.9995986398367879,attr_bridge_type,logistic_regression,dinov3_frozen_embeddings_logistic_regression
attr_bridge_type,,5,128880,Truss,Truss,True,0.9920449694929173,attr_bridge_type,logistic_regression,dinov3_frozen_embeddings_logistic_regression
attr_bridge_type,,5,46923,Beam,Beam,True,0.9866388595302092,attr_bridge_type,logistic_regression,dinov3_frozen_embeddings_logistic_regression
attr_bridge_type,,5,48111,Truss,Beam,False,0.6383350518157727,attr_bridge_type,logistic_regression,dinov3_frozen_embeddings_logistic_regression
attr_bridge_type,,5,49057,Beam,Beam,True,0.9549349461868504,attr_bridge_type,logistic_regression,dinov3_frozen_embeddings_logistic_regression
attr_bridge_type,,5,49058,Beam,Beam,True,0.9998593344009963,attr_bridge_type,logistic_regression,dinov3_frozen_embeddings_logistic_regression
attr_bridge_type,,5,49060,Beam,Beam,True,0.9906000381694776,attr_bridge_type,logistic_regression,dinov3_frozen_embeddings_logistic_regression
attr_bridge_type,,5,49061,Beam,Beam,True,0.9974983835302251,attr_bridge_type,logistic_regression,dinov3_frozen_embeddings_logistic_regression
attr_bridge_type,,5,49063,Truss,Truss,True,0.8692696499955865,attr_bridge_type,logistic_regression,dinov3_frozen_embeddings_logistic_regression
attr_bridge_type,,5,50770,Beam,Beam,True,0.9984339543406694,attr_bridge_type,logistic_regression,dinov3_frozen_embeddings_logistic_regression
attr_bridge_type,,5,52458,Beam,Beam,True,0.9996410315006448,attr_bridge_type,logistic_regression,dinov3_frozen_embeddings_logistic_regression
attr_bridge_type,,5,53851,Beam,Beam,True,0.9674991582137449,attr_bridge_type,logistic_regression,dinov3_frozen_embeddings_logistic_regression
attr_bridge_type,,5,55633,Beam,Beam,True,0.9393631882979303,attr_bridge_type,logistic_regression,dinov3_frozen_embeddings_logistic_regression
attr_bridge_type,,5,55635,Suspension,Truss,False,0.993202617682574,attr_bridge_type,logistic_regression,dinov3_frozen_embeddings_logistic_regression
attr_bridge_type,,5,55640,Truss,Beam,False,0.6775453551348896,attr_bridge_type,logistic_regression,dinov3_frozen_embeddings_logistic_regression
attr_bridge_type,,5,56876,Beam,Beam,True,0.9770201372097131,attr_bridge_type,logistic_regression,dinov3_frozen_embeddings_logistic_regression
attr_bridge_type,,5,57117,Beam,Beam,True,0.9980696607525719,attr_bridge_type,logistic_regression,dinov3_frozen_embeddings_logistic_regression
attr_bridge_type,,5,58162,Beam,Beam,True,0.6605367497899298,attr_bridge_type,logistic_regression,dinov3_frozen_embeddings_logistic_regression
attr_bridge_type,,5,58881,Beam,Beam,True,0.9229581018437889,attr_bridge_type,logistic_regression,dinov3_frozen_embeddings_logistic_regression
attr_bridge_type,,5,60633,Beam,Beam,True,0.9986604288027047,attr_bridge_type,logistic_regression,dinov3_frozen_embeddings_logistic_regression
attr_bridge_type,,5,62290,Beam,Beam,True,0.9999994903933306,attr_bridge_type,logistic_regression,dinov3_frozen_embeddings_logistic_regression
attr_bridge_type,,5,62443,Beam,Beam,True,0.9689022131613804,attr_bridge_type,logistic_regression,dinov3_frozen_embeddings_logistic_regression
attr_bridge_type,,5,62927,Beam,Beam,True,0.9999297052120593,attr_bridge_type,logistic_regression,dinov3_frozen_embeddings_logistic_regression
attr_bridge_type,,5,64098,Suspension,Suspension,True,0.7989059562116089,attr_bridge_type,logistic_regression,dinov3_frozen_embeddings_logistic_regression
attr_bridge_type,,5,64128,Fallen Tree,Beam,False,0.9844590388881014,attr_bridge_type,logistic_regression,dinov3_frozen_embeddings_logistic_regression
attr_bridge_type,,5,65790,Beam,Beam,True,0.9103140897113107,attr_bridge_type,logistic_regression,dinov3_frozen_embeddings_logistic_regression
attr_bridge_type,,5,66922,Beam,Truss,False,0.6536730130558149,attr_bridge_type,logistic_regression,dinov3_frozen_embeddings_logistic_regression
attr_bridge_type,,5,67205,Beam,Beam,True,0.9893374575098492,attr_bridge_type,logistic_regression,dinov3_frozen_embeddings_logistic_regression
attr_bridge_type,,5,67465,Beam,Truss,False,0.9497846716122499,attr_bridge_type,logistic_regression,dinov3_frozen_embeddings_logistic_regression
attr_bridge_type,,5,80451,Beam,Truss,False,0.5979875697926313,attr_bridge_type,logistic_regression,dinov3_frozen_embeddings_logistic_regression
attr_bridge_type,,5,82385,Beam,Beam,True,0.9790964694011682,attr_bridge_type,logistic_regression,dinov3_frozen_embeddings_logistic_regression
attr_bridge_type,,5,83140,Beam,Beam,True,0.9999940206081986,attr_bridge_type,logistic_regression,dinov3_frozen_embeddings_logistic_regression
attr_bridge_type,,5,85150,Truss,Truss,True,0.8501445704407412,attr_bridge_type,logistic_regression,dinov3_frozen_embeddings_logistic_regression
attr_bridge_type,,5,86055,Beam,Suspension,False,0.5721472614888274,attr_bridge_type,logistic_regression,dinov3_frozen_embeddings_logistic_regression
attr_bridge_type,,5,87188,Beam,Truss,False,0.9542283595091626,attr_bridge_type,logistic_regression,dinov3_frozen_embeddings_logistic_regression
attr_bridge_type,,5,87734,Truss,Beam,False,0.999325736648714,attr_bridge_type,logistic_regression,dinov3_frozen_embeddings_logistic_regression
attr_bridge_type,,5,87769,Truss,Beam,False,0.9951330309705925,attr_bridge_type,logistic_regression,dinov3_frozen_embeddings_logistic_regression
attr_bridge_type,,5,87928,Truss,Beam,False,0.6134187612857156,attr_bridge_type,logistic_regression,dinov3_frozen_embeddings_logistic_regression
attr_bridge_type,,5,88733,Beam,Beam,True,0.8145533857283158,attr_bridge_type,logistic_regression,dinov3_frozen_embeddings_logistic_regression
attr_bridge_type,,5,89437,Truss,Beam,False,0.9138898349409619,attr_bridge_type,logistic_regression,dinov3_frozen_embeddings_logistic_regression
attr_bridge_type,,5,89449,Beam,Beam,True,0.9995942756615634,attr_bridge_type,logistic_regression,dinov3_frozen_embeddings_logistic_regression
attr_bridge_type,,5,89450,Beam,Beam,True,0.9999435844408249,attr_bridge_type,logistic_regression,dinov3_frozen_embeddings_logistic_regression
attr_bridge_type,,5,89986,Truss,Beam,False,0.9122359777412703,attr_bridge_type,logistic_regression,dinov3_frozen_embeddings_logistic_regression
attr_bridge_type,,5,90539,Beam,Beam,True,0.9966774899556619,attr_bridge_type,logistic_regression,dinov3_frozen_embeddings_logistic_regression
attr_bridge_type,,5,92147,Beam,Beam,True,0.9187737324735209,attr_bridge_type,logistic_regression,dinov3_frozen_embeddings_logistic_regression
attr_bridge_type,,5,92801,Beam,Beam,True,0.999994778040776,attr_bridge_type,logistic_regression,dinov3_frozen_embeddings_logistic_regression
attr_bridge_type,,5,93007,Beam,Beam,True,0.9988507426705345,attr_bridge_type,logistic_regression,dinov3_frozen_embeddings_logistic_regression
attr_bridge_type,,5,93036,Beam,Beam,True,0.9991711588444097,attr_bridge_type,logistic_regression,dinov3_frozen_embeddings_logistic_regression
attr_bridge_type,,5,99454,Beam,Beam,True,0.9999993059975585,attr_bridge_type,logistic_regression,dinov3_frozen_embeddings_logistic_regression
attr_bridge_type,,5,99611,Beam,Beam,True,0.9865500580002696,attr_bridge_type,logistic_regression,dinov3_frozen_embeddings_logistic_regression
attr_bridge_type,,5,99844,Beam,Truss,False,0.5989115640867481,attr_bridge_type,logistic_regression,dinov3_frozen_embeddings_logistic_regression
attr_bridge_type,,5,100140,Beam,Beam,True,0.9308438577703714,attr_bridge_type,logistic_regression,dinov3_frozen_embeddings_logistic_regression
attr_bridge_type,,5,100252,Beam,Beam,True,0.9999990135676897,attr_bridge_type,logistic_regression,dinov3_frozen_embeddings_logistic_regression
attr_bridge_type,,5,100479,Beam,Beam,True,0.9988798596847475,attr_bridge_type,logistic_regression,dinov3_frozen_embeddings_logistic_regression
attr_bridge_type,,5,101826,Suspension,Suspension,True,0.9591760246897761,attr_bridge_type,logistic_regression,dinov3_frozen_embeddings_logistic_regression
attr_bridge_type,,5,102341,Beam,Beam,True,0.9966401307784053,attr_bridge_type,logistic_regression,dinov3_frozen_embeddings_logistic_regression
attr_bridge_type,,5,102346,Beam,Beam,True,0.998047326868064,attr_bridge_type,logistic_regression,dinov3_frozen_embeddings_logistic_regression
attr_bridge_type,,5,102353,Beam,Beam,True,0.9999437307864335,attr_bridge_type,logistic_regression,dinov3_frozen_embeddings_logistic_regression
attr_bridge_type,,5,102373,Beam,Beam,True,0.9994732762296376,attr_bridge_type,logistic_regression,dinov3_frozen_embeddings_logistic_regression
attr_bridge_type,,5,102471,Beam,Other,False,0.5425388052952326,attr_bridge_type,logistic_regression,dinov3_frozen_embeddings_logistic_regression
attr_bridge_type,,5,102849,Truss,Beam,False,0.8789353230862221,attr_bridge_type,logistic_regression,dinov3_frozen_embeddings_logistic_regression
attr_bridge_type,,5,103526,Beam,Beam,True,0.9975742582235879,attr_bridge_type,logistic_regression,dinov3_frozen_embeddings_logistic_regression
attr_bridge_type,,5,104080,Beam,Truss,False,0.8391392804286238,attr_bridge_type,logistic_regression,dinov3_frozen_embeddings_logistic_regression
attr_bridge_type,,5,104088,Beam,Beam,True,0.9999998582402093,attr_bridge_type,logistic_regression,dinov3_frozen_embeddings_logistic_regression
attr_bridge_type,,5,104159,Beam,Beam,True,0.9998413961157994,attr_bridge_type,logistic_regression,dinov3_frozen_embeddings_logistic_regression
attr_bridge_type,,5,105444,Beam,Beam,True,0.9998504079943525,attr_bridge_type,logistic_regression,dinov3_frozen_embeddings_logistic_regression
attr_bridge_type,,5,105449,Beam,Beam,True,0.9988499465681555,attr_bridge_type,logistic_regression,dinov3_frozen_embeddings_logistic_regression
attr_bridge_type,,5,107387,Beam,Beam,True,0.9988417589781897,attr_bridge_type,logistic_regression,dinov3_frozen_embeddings_logistic_regression
attr_bridge_type,,5,107473,Beam,Beam,True,0.9961011750949756,attr_bridge_type,logistic_regression,dinov3_frozen_embeddings_logistic_regression
attr_bridge_type,,5,108040,Beam,Beam,True,0.9964735250591199,attr_bridge_type,logistic_regression,dinov3_frozen_embeddings_logistic_regression
attr_bridge_type,,5,108725,Beam,Beam,True,0.9933441392007519,attr_bridge_type,logistic_regression,dinov3_frozen_embeddings_logistic_regression
attr_bridge_type,,5,109407,Beam,Beam,True,0.9999932943086477,attr_bridge_type,logistic_regression,dinov3_frozen_embeddings_logistic_regression
attr_bridge_type,,5,109537,Beam,Beam,True,0.9989896505077771,attr_bridge_type,logistic_regression,dinov3_frozen_embeddings_logistic_regression
attr_bridge_type,,5,110167,Beam,Beam,True,0.9999518593477127,attr_bridge_type,logistic_regression,dinov3_frozen_embeddings_logistic_regression
attr_bridge_type,,5,110299,Beam,Beam,True,0.9981752918614054,attr_bridge_type,logistic_regression,dinov3_frozen_embeddings_logistic_regression
attr_bridge_type,,5,110356,Beam,Beam,True,0.9998607258432352,attr_bridge_type,logistic_regression,dinov3_frozen_embeddings_logistic_regression
attr_bridge_type,,5,110788,Beam,Beam,True,0.99708409256711,attr_bridge_type,logistic_regression,dinov3_frozen_embeddings_logistic_regression
attr_bridge_type,,5,110818,Beam,Beam,True,0.9981857243370461,attr_bridge_type,logistic_regression,dinov3_frozen_embeddings_logistic_regression
attr_bridge_type,,5,111745,Beam,Beam,True,0.9999631437492974,attr_bridge_type,logistic_regression,dinov3_frozen_embeddings_logistic_regression
attr_bridge_type,,5,111952,Beam,Beam,True,0.9997095216096957,attr_bridge_type,logistic_regression,dinov3_frozen_embeddings_logistic_regression
attr_bridge_type,,5,113153,Beam,Beam,True,0.6783559704158905,attr_bridge_type,logistic_regression,dinov3_frozen_embeddings_logistic_regression
attr_bridge_type,,5,113216,Beam,Beam,True,0.9990035689013941,attr_bridge_type,logistic_regression,dinov3_frozen_embeddings_logistic_regression
attr_bridge_type,,5,114081,Beam,Beam,True,0.9999994859908914,attr_bridge_type,logistic_regression,dinov3_frozen_embeddings_logistic_regression
attr_bridge_type,,5,114090,Beam,Beam,True,0.9966747032809844,attr_bridge_type,logistic_regression,dinov3_frozen_embeddings_logistic_regression
attr_bridge_type,,5,114701,Beam,Beam,True,0.9999976730551977,attr_bridge_type,logistic_regression,dinov3_frozen_embeddings_logistic_regression
attr_bridge_type,,5,114702,Beam,Beam,True,0.9999994717843222,attr_bridge_type,logistic_regression,dinov3_frozen_embeddings_logistic_regression
attr_bridge_type,,5,114815,Beam,Beam,True,0.9999122882946836,attr_bridge_type,logistic_regression,dinov3_frozen_embeddings_logistic_regression
attr_bridge_type,,5,114923,Beam,Beam,True,0.9999573490172613,attr_bridge_type,logistic_regression,dinov3_frozen_embeddings_logistic_regression
attr_bridge_type,,5,114943,Beam,Beam,True,0.9997991439728594,attr_bridge_type,logistic_regression,dinov3_frozen_embeddings_logistic_regression
attr_bridge_type,,5,114950,Beam,Beam,True,0.9824220283774414,attr_bridge_type,logistic_regression,dinov3_frozen_embeddings_logistic_regression
attr_bridge_type,,5,116051,Beam,Truss,False,0.42431565338847665,attr_bridge_type,logistic_regression,dinov3_frozen_embeddings_logistic_regression
attr_bridge_type,,5,117297,Beam,Beam,True,0.9870845306528065,attr_bridge_type,logistic_regression,dinov3_frozen_embeddings_logistic_regression
attr_bridge_type,,5,117304,Beam,Beam,True,0.9916194642973042,attr_bridge_type,logistic_regression,dinov3_frozen_embeddings_logistic_regression
attr_bridge_type,,5,117339,Beam,Beam,True,0.4951627028416804,attr_bridge_type,logistic_regression,dinov3_frozen_embeddings_logistic_regression
attr_bridge_type,,5,118757,Beam,Beam,True,0.9789636137671868,attr_bridge_type,logistic_regression,dinov3_frozen_embeddings_logistic_regression
attr_bridge_type,,5,119851,Beam,Beam,True,0.9002210789296612,attr_bridge_type,logistic_regression,dinov3_frozen_embeddings_logistic_regression
attr_bridge_type,,5,119977,Beam,Beam,True,0.9974467568337053,attr_bridge_type,logistic_regression,dinov3_frozen_embeddings_logistic_regression
attr_bridge_type,,5,121500,Beam,Beam,True,0.928096569207087,attr_bridge_type,logistic_regression,dinov3_frozen_embeddings_logistic_regression
attr_bridge_type,,5,121649,Beam,Beam,True,0.9999648997436491,attr_bridge_type,logistic_regression,dinov3_frozen_embeddings_logistic_regression
attr_bridge_type,,5,121755,Beam,Beam,True,0.9344672013582476,attr_bridge_type,logistic_regression,dinov3_frozen_embeddings_logistic_regression
attr_bridge_type,,5,122439,Beam,Truss,False,0.9725274022007557,attr_bridge_type,logistic_regression,dinov3_frozen_embeddings_logistic_regression
attr_bridge_type,,5,122263,Beam,Beam,True,0.9996744534083128,attr_bridge_type,logistic_regression,dinov3_frozen_embeddings_logistic_regression
attr_bridge_type,,5,122444,Beam,Beam,True,0.9965571240497889,attr_bridge_type,logistic_regression,dinov3_frozen_embeddings_logistic_regression
attr_bridge_type,,5,122442,Beam,Truss,False,0.5618959461912294,attr_bridge_type,logistic_regression,dinov3_frozen_embeddings_logistic_regression
attr_bridge_type,,5,126779,Truss,Truss,True,0.8682672262289,attr_bridge_type,logistic_regression,dinov3_frozen_embeddings_logistic_regression
attr_bridge_type,,5,126913,Other,Beam,False,0.9814661061182204,attr_bridge_type,logistic_regression,dinov3_frozen_embeddings_logistic_regression
attr_bridge_type,,5,126916,Other,Beam,False,0.9998391749400405,attr_bridge_type,logistic_regression,dinov3_frozen_embeddings_logistic_regression
attr_bridge_type,,5,127204,Beam,Beam,True,0.9716119404226154,attr_bridge_type,logistic_regression,dinov3_frozen_embeddings_logistic_regression
attr_bridge_type,,5,129305,Beam,Beam,True,0.9706690025047098,attr_bridge_type,logistic_regression,dinov3_frozen_embeddings_logistic_regression
