attribute,fold,asset_id,true_label,predicted_label,correct
attr_structure_material,1,48120,Timber,Timber,True
attr_structure_material,1,48637,Timber,Timber,True
attr_structure_material,1,48514,Timber,Timber,True
attr_structure_material,1,51256,Timber,Timber,True
attr_structure_material,1,51603,Timber,Timber,True
attr_structure_material,1,51942,Timber,Timber,True
attr_structure_material,1,52245,Timber,Timber,True
attr_structure_material,1,55466,Steel,Steel,True
attr_structure_material,1,55643,Timber,Timber,True
attr_structure_material,1,56345,Timber,Timber,True
attr_structure_material,1,59061,Timber,Timber,True
attr_structure_material,1,61114,Timber,Timber,True
attr_structure_material,1,61737,Timber,Timber,True
attr_structure_material,1,64272,Timber,Timber,True
attr_structure_material,1,64274,Timber,Timber,True
attr_structure_material,1,66539,Timber,Timber,True
attr_structure_material,1,66933,Timber,Timber,True
attr_structure_material,1,81411,Timber,Timber,True
attr_structure_material,1,83146,Timber,Timber,True
attr_structure_material,1,83939,Timber,Timber,True
attr_structure_material,1,83950,Timber,Timber,True
attr_structure_material,1,83951,Timber,Timber,True
attr_structure_material,1,83953,Timber,Timber,True
attr_structure_material,1,85484,Timber,Timber,True
attr_structure_material,1,85500,Timber,Timber,True
attr_structure_material,1,86039,Timber,Timber,True
attr_structure_material,1,86040,Timber,Timber,True
attr_structure_material,1,86066,Timber,Timber,True
attr_structure_material,1,86071,Timber,Timber,True
attr_structure_material,1,86074,Timber,Timber,True
attr_structure_material,1,86082,Timber,Timber,True
attr_structure_material,1,86080,Timber,Steel,False
attr_structure_material,1,86084,Timber,Timber,True
attr_structure_material,1,86083,Timber,Timber,True
attr_structure_material,1,86105,Timber,Timber,True
attr_structure_material,1,86106,Timber,Timber,True
attr_structure_material,1,86117,Timber,Timber,True
attr_structure_material,1,86111,Timber,Timber,True
attr_structure_material,1,86126,Timber,Timber,True
attr_structure_material,1,86142,Timber,Timber,True
attr_structure_material,1,86147,Timber,Timber,True
attr_structure_material,1,86157,Timber,Timber,True
attr_structure_material,1,86162,Timber,Timber,True
attr_structure_material,1,86167,Timber,Timber,True
attr_structure_material,1,86169,Timber,Timber,True
attr_structure_material,1,86173,Timber,Timber,True
attr_structure_material,1,86177,Timber,Timber,True
attr_structure_material,1,86185,Timber,Timber,True
attr_structure_material,1,86182,Timber,Timber,True
attr_structure_material,1,86189,Timber,Timber,True
attr_structure_material,1,86191,Timber,Timber,True
attr_structure_material,1,86194,Timber,Timber,True
attr_structure_material,1,86198,Timber,Timber,True
attr_structure_material,1,86199,Timber,Timber,True
attr_structure_material,1,86210,Timber,Timber,True
attr_structure_material,1,86212,Timber,Timber,True
attr_structure_material,1,86247,Timber,Timber,True
attr_structure_material,1,86250,Timber,Timber,True
attr_structure_material,1,87499,Timber,Timber,True
attr_structure_material,1,87508,Timber,Timber,True
attr_structure_material,1,87523,Timber,Timber,True
attr_structure_material,1,89410,Timber,Timber,True
attr_structure_material,1,89446,Timber,Timber,True
attr_structure_material,1,89574,Timber,Timber,True
attr_structure_material,1,89588,Timber,Timber,True
attr_structure_material,1,89595,Timber,Timber,True
attr_structure_material,1,89600,Timber,Timber,True
attr_structure_material,1,89705,Timber,Timber,True
attr_structure_material,1,89708,Timber,Timber,True
attr_structure_material,1,89714,Timber,Timber,True
attr_structure_material,1,89764,Timber,Steel,False
attr_structure_material,1,90319,Timber,Timber,True
attr_structure_material,1,90326,Timber,Timber,True
attr_structure_material,1,90328,Timber,Timber,True
attr_structure_material,1,90341,Timber,Timber,True
attr_structure_material,1,90347,Timber,Timber,True
attr_structure_material,1,90365,Timber,Timber,True
attr_structure_material,1,90366,Timber,Timber,True
attr_structure_material,1,90371,Timber,Timber,True
attr_structure_material,1,90375,Timber,Timber,True
attr_structure_material,1,90378,Timber,Timber,True
attr_structure_material,1,90386,Timber,Timber,True
attr_structure_material,1,90398,Timber,Timber,True
attr_structure_material,1,91578,Timber,Timber,True
attr_structure_material,1,92006,Timber,Timber,True
attr_structure_material,1,92018,Timber,Timber,True
attr_structure_material,1,92049,Timber,Timber,True
attr_structure_material,1,92060,Timber,Timber,True
attr_structure_material,1,93028,Timber,Timber,True
attr_structure_material,1,93030,Timber,Timber,True
attr_structure_material,1,93032,Timber,Timber,True
attr_structure_material,1,94266,Timber,Timber,True
attr_structure_material,1,94273,Timber,Timber,True
attr_structure_material,1,94274,Timber,Timber,True
attr_structure_material,1,94277,Timber,Timber,True
attr_structure_material,1,94284,Timber,Timber,True
attr_structure_material,1,94293,Timber,Timber,True
attr_structure_material,1,94348,Timber,Timber,True
attr_structure_material,1,94359,Timber,Timber,True
attr_structure_material,1,94372,Timber,Timber,True
attr_structure_material,1,94378,Timber,Timber,True
attr_structure_material,1,94379,Timber,Timber,True
attr_structure_material,1,94393,Timber,Timber,True
attr_structure_material,1,94405,Timber,Timber,True
attr_structure_material,1,94413,Timber,Timber,True
attr_structure_material,1,94415,Timber,Timber,True
attr_structure_material,1,102372,Timber,Steel,False
attr_structure_material,1,103726,Timber,Timber,True
attr_structure_material,1,105274,Timber,Timber,True
attr_structure_material,1,107062,Timber,Timber,True
attr_structure_material,1,107063,Timber,Timber,True
attr_structure_material,1,107066,Timber,Timber,True
attr_structure_material,1,107320,Timber,Timber,True
attr_structure_material,1,107340,Timber,Timber,True
attr_structure_material,1,107875,Timber,Timber,True
attr_structure_material,1,107883,Timber,Timber,True
attr_structure_material,1,107966,Timber,Timber,True
attr_structure_material,1,108034,Timber,Timber,True
attr_structure_material,1,108318,Timber,Timber,True
attr_structure_material,1,108349,Timber,Timber,True
attr_structure_material,1,108395,Timber,Timber,True
attr_structure_material,1,108398,Timber,Timber,True
attr_structure_material,1,108728,Timber,Timber,True
attr_structure_material,1,108795,Timber,Timber,True
attr_structure_material,1,109137,Timber,Timber,True
attr_structure_material,1,109368,Timber,Timber,True
attr_structure_material,1,109609,Timber,Timber,True
attr_structure_material,1,110282,Timber,Timber,True
attr_structure_material,1,110606,Timber,Timber,True
attr_structure_material,1,110798,Timber,Timber,True
attr_structure_material,1,110826,Timber,Timber,True
attr_structure_material,1,110977,Timber,Timber,True
attr_structure_material,1,111686,Timber,Timber,True
attr_structure_material,1,111788,Timber,Timber,True
attr_structure_material,1,111792,Timber,Timber,True
attr_structure_material,1,111794,Timber,Timber,True
attr_structure_material,1,111804,Timber,Timber,True
attr_structure_material,1,111805,Timber,Timber,True
attr_structure_material,1,111807,Timber,Timber,True
attr_structure_material,1,111808,Timber,Timber,True
attr_structure_material,1,111810,Timber,Timber,True
attr_structure_material,1,112327,Timber,Timber,True
attr_structure_material,1,113189,Timber,Timber,True
attr_structure_material,1,114039,Timber,Timber,True
attr_structure_material,1,114562,Timber,Timber,True
attr_structure_material,1,114946,Timber,Timber,True
attr_structure_material,1,114953,Timber,Timber,True
attr_structure_material,1,114955,Timber,Timber,True
attr_structure_material,1,115441,Timber,Timber,True
attr_structure_material,1,117012,Timber,Timber,True
attr_structure_material,1,117141,Timber,Timber,True
attr_structure_material,1,117156,Timber,Timber,True
attr_structure_material,1,117217,Timber,Timber,True
attr_structure_material,1,117578,Timber,Timber,True
attr_structure_material,1,117579,Timber,Timber,True
attr_structure_material,1,117580,Timber,Timber,True
attr_structure_material,1,117587,Timber,Timber,True
attr_structure_material,1,118203,Timber,Timber,True
attr_structure_material,1,120670,Timber,Timber,True
attr_structure_material,1,120677,Timber,Timber,True
attr_structure_material,1,120678,Timber,Timber,True
attr_structure_material,1,120679,Timber,Timber,True
attr_structure_material,1,120690,Timber,Timber,True
attr_structure_material,1,120694,Timber,Timber,True
attr_structure_material,1,121009,Timber,Timber,True
attr_structure_material,1,121070,Timber,Timber,True
attr_structure_material,1,121572,Timber,Timber,True
attr_structure_material,1,121670,Timber,Timber,True
attr_structure_material,1,121675,Timber,Timber,True
attr_structure_material,1,121736,Aluminum,Aluminum,True
attr_structure_material,1,121741,Aluminum,Aluminum,True
attr_structure_material,1,121742,Aluminum,Aluminum,True
attr_structure_material,1,121776,Timber,Timber,True
attr_structure_material,1,121788,Timber,Timber,True
attr_structure_material,1,121789,Timber,Timber,True
attr_structure_material,1,121790,Timber,Timber,True
attr_structure_material,1,122367,Timber,Timber,True
attr_structure_material,1,123099,Timber,Timber,True
attr_structure_material,1,123101,Timber,Timber,True
attr_structure_material,1,123106,Timber,Timber,True
attr_structure_material,1,123258,Timber,Timber,True
attr_structure_material,1,123261,Timber,Timber,True
attr_structure_material,1,123473,Timber,Timber,True
attr_structure_material,1,124886,Timber,Timber,True
attr_structure_material,1,126692,Timber,Timber,True
attr_structure_material,1,126778,Timber,Timber,True
attr_structure_material,1,126783,Timber,Timber,True
attr_structure_material,1,126789,Timber,Timber,True
attr_structure_material,1,126834,Timber,Timber,True
attr_structure_material,1,126835,Timber,Timber,True
attr_structure_material,1,126837,Timber,Timber,True
attr_structure_material,1,126838,Timber,Timber,True
attr_structure_material,1,127156,Timber,Timber,True
attr_structure_material,1,128951,Timber,Timber,True
attr_structure_material,1,128953,Timber,Timber,True
attr_structure_material,1,128981,Timber,Timber,True
attr_structure_material,1,129378,Aluminum,Timber,False
attr_structure_material,1,100338,Steel,Steel,True
attr_structure_material,1,100344,Aluminum,Aluminum,True
attr_structure_material,1,103725,Timber,Timber,True
attr_structure_material,1,107064,Timber,Timber,True
attr_structure_material,1,108414,Timber,Timber,True
attr_structure_material,1,110276,Timber,Timber,True
attr_structure_material,1,114183,Timber,Timber,True
attr_structure_material,1,114185,Timber,Timber,True
attr_structure_material,1,114283,Timber,Timber,True
attr_structure_material,1,115440,Timber,Timber,True
attr_structure_material,1,129397,Timber,Timber,True
attr_structure_material,1,120683,Timber,Timber,True
attr_structure_material,1,47633,Timber,Timber,True
attr_structure_material,1,48344,Steel,Timber,False
attr_structure_material,1,49063,Concrete,Steel,False
attr_structure_material,1,49244,Timber,Timber,True
attr_structure_material,1,50770,Timber,Timber,True
attr_structure_material,1,50822,Aluminum,Aluminum,True
attr_structure_material,1,51525,Steel,Steel,True
attr_structure_material,1,51798,Steel,Steel,True
attr_structure_material,1,51858,Steel,Steel,True
attr_structure_material,1,54325,Timber,Timber,True
attr_structure_material,1,54326,Timber,Timber,True
attr_structure_material,1,54327,Timber,Steel,False
attr_structure_material,1,56467,Aluminum,Timber,False
attr_structure_material,1,56533,Aluminum,Timber,False
attr_structure_material,1,57118,Timber,Steel,False
attr_structure_material,1,57835,Timber,Steel,False
attr_structure_material,1,60689,Timber,Timber,True
attr_structure_material,1,61415,Timber,Steel,False
attr_structure_material,1,61731,Aluminum,Timber,False
attr_structure_material,1,62442,Steel,Steel,True
attr_structure_material,1,62443,Steel,Steel,True
attr_structure_material,1,63066,Concrete,Aluminum,False
attr_structure_material,1,64116,Timber,Timber,True
attr_structure_material,1,64123,Timber,Concrete,False
attr_structure_material,1,64131,Timber,Steel,False
attr_structure_material,1,65425,Aluminum,Aluminum,True
attr_structure_material,1,65788,Aluminum,Aluminum,True
attr_structure_material,1,67205,Timber,Steel,False
attr_structure_material,1,80451,Timber,Timber,True
attr_structure_material,1,83116,Timber,Timber,True
attr_structure_material,1,83134,Timber,Timber,True
attr_structure_material,1,83150,Timber,Timber,True
attr_structure_material,1,85143,Timber,Timber,True
attr_structure_material,1,87483,Steel,Timber,False
attr_structure_material,1,87549,Timber,Timber,True
attr_structure_material,1,87736,Timber,Steel,False
attr_structure_material,1,87961,Timber,Steel,False
attr_structure_material,1,55464,Steel,Steel,True
attr_structure_material,1,88812,Timber,Timber,True
attr_structure_material,1,88845,Timber,Timber,True
attr_structure_material,1,88856,Timber,Timber,True
attr_structure_material,1,89442,Timber,Timber,True
attr_structure_material,1,89443,Timber,Timber,True
attr_structure_material,1,89450,Timber,Timber,True
attr_structure_material,1,89452,Steel,Timber,False
attr_structure_material,1,89590,Aluminum,Aluminum,True
attr_structure_material,1,89763,Timber,Timber,True
attr_structure_material,1,90539,Steel,Steel,True
attr_structure_material,1,92152,Timber,Timber,True
attr_structure_material,1,92164,Timber,Timber,True
attr_structure_material,1,92794,Timber,Timber,True
attr_structure_material,1,94144,Aluminum,Steel,False
attr_structure_material,1,98336,Timber,Timber,True
attr_structure_material,1,99614,Timber,Timber,True
attr_structure_material,1,99615,Timber,Steel,False
attr_structure_material,1,100177,Timber,Timber,True
attr_structure_material,1,100253,Timber,Timber,True
attr_structure_material,1,100267,Timber,Timber,True
attr_structure_material,1,100582,Timber,Timber,True
attr_structure_material,1,101638,Timber,Steel,False
attr_structure_material,1,101826,Aluminum,Aluminum,True
attr_structure_material,1,102471,Timber,Aluminum,False
attr_structure_material,1,102808,Timber,Timber,True
attr_structure_material,1,104080,Timber,Steel,False
attr_structure_material,1,104858,Aluminum,Timber,False
attr_structure_material,1,105440,Timber,Timber,True
attr_structure_material,1,106045,Timber,Timber,True
attr_structure_material,1,106046,Steel,Steel,True
attr_structure_material,1,106925,Timber,Timber,True
attr_structure_material,1,107897,Aluminum,Aluminum,True
attr_structure_material,1,107908,Timber,Timber,True
attr_structure_material,1,107911,Timber,Timber,True
attr_structure_material,1,108107,Timber,Steel,False
attr_structure_material,1,108665,Timber,Timber,True
attr_structure_material,1,109167,Timber,Timber,True
attr_structure_material,1,109169,Timber,Timber,True
attr_structure_material,1,109172,Timber,Timber,True
attr_structure_material,1,110131,Timber,Aluminum,False
attr_structure_material,1,110356,Timber,Timber,True
attr_structure_material,1,111745,Timber,Timber,True
attr_structure_material,1,111862,Timber,Timber,True
attr_structure_material,1,111914,Timber,Timber,True
attr_structure_material,1,111952,Steel,Steel,True
attr_structure_material,1,112338,Timber,Timber,True
attr_structure_material,1,114932,Timber,Timber,True
attr_structure_material,1,115247,Timber,Timber,True
attr_structure_material,1,115803,Timber,Timber,True
attr_structure_material,1,115806,Timber,Timber,True
attr_structure_material,1,115809,Timber,Timber,True
attr_structure_material,1,115814,Timber,Timber,True
attr_structure_material,1,116850,Aluminum,Aluminum,True
attr_structure_material,1,117200,Aluminum,Aluminum,True
attr_structure_material,1,117204,Aluminum,Aluminum,True
attr_structure_material,1,117215,Aluminum,Aluminum,True
attr_structure_material,1,118248,Timber,Timber,True
attr_structure_material,1,118250,Timber,Timber,True
attr_structure_material,1,118757,Timber,Timber,True
attr_structure_material,1,118797,Timber,Timber,True
attr_structure_material,1,120299,Timber,Timber,True
attr_structure_material,1,121689,Timber,Timber,True
attr_structure_material,1,122263,Timber,Timber,True
attr_structure_material,1,122825,Timber,Timber,True
attr_structure_material,1,122830,Timber,Timber,True
attr_structure_material,1,123310,Timber,Timber,True
attr_structure_material,1,123354,Timber,Steel,False
attr_structure_material,1,123357,Steel,Timber,False
attr_structure_material,1,126340,Steel,Aluminum,False
attr_structure_material,1,126709,Timber,Timber,True
attr_structure_material,1,126736,Aluminum,Aluminum,True
attr_structure_material,1,126798,Steel,Steel,True
attr_structure_material,1,126803,Aluminum,Steel,False
attr_structure_material,1,126806,Steel,Steel,True
attr_structure_material,1,126809,Aluminum,Aluminum,True
attr_structure_material,1,126915,Aluminum,Aluminum,True
attr_structure_material,1,126916,Timber,Timber,True
attr_structure_material,1,127204,Timber,Timber,True
attr_structure_material,1,128273,Aluminum,Timber,False
attr_structure_material,1,128643,Timber,Timber,True
attr_structure_material,1,51548,Steel,Steel,True
attr_structure_material,1,51551,Concrete,Timber,False
attr_structure_material,1,66955,Timber,Timber,True
attr_structure_material,1,66956,Timber,Timber,True
attr_structure_material,1,67796,Concrete,Timber,False
attr_structure_material,1,68019,Timber,Steel,False
attr_structure_material,1,97887,Timber,Timber,True
attr_structure_material,1,123582,Timber,Timber,True
attr_structure_material,2,47664,Timber,Timber,True
attr_structure_material,2,48634,Timber,Timber,True
attr_structure_material,2,51254,Timber,Timber,True
attr_structure_material,2,52469,Timber,Timber,True
attr_structure_material,2,53103,Timber,Timber,True
attr_structure_material,2,53556,Timber,Timber,True
attr_structure_material,2,56779,Timber,Timber,True
attr_structure_material,2,58824,Timber,Timber,True
attr_structure_material,2,58826,Timber,Timber,True
attr_structure_material,2,62067,Timber,Timber,True
attr_structure_material,2,61732,Timber,Timber,True
attr_structure_material,2,61958,Timber,Timber,True
attr_structure_material,2,64261,Timber,Timber,True
attr_structure_material,2,64260,Timber,Timber,True
attr_structure_material,2,64889,Timber,Timber,True
attr_structure_material,2,65428,Timber,Timber,True
attr_structure_material,2,81887,Timber,Timber,True
attr_structure_material,2,81889,Timber,Timber,True
attr_structure_material,2,83898,Timber,Timber,True
attr_structure_material,2,83934,Timber,Timber,True
attr_structure_material,2,83941,Timber,Steel,False
attr_structure_material,2,83942,Timber,Timber,True
attr_structure_material,2,83943,Timber,Timber,True
attr_structure_material,2,83936,Timber,Timber,True
attr_structure_material,2,83945,Timber,Timber,True
attr_structure_material,2,83947,Timber,Timber,True
attr_structure_material,2,85474,Timber,Timber,True
attr_structure_material,2,85497,Timber,Timber,True
attr_structure_material,2,85498,Timber,Timber,True
attr_structure_material,2,85558,Timber,Timber,True
attr_structure_material,2,86006,Timber,Timber,True
attr_structure_material,2,86069,Timber,Timber,True
attr_structure_material,2,86076,Timber,Timber,True
attr_structure_material,2,86078,Timber,Timber,True
attr_structure_material,2,86085,Timber,Timber,True
attr_structure_material,2,86095,Timber,Timber,True
attr_structure_material,2,86087,Timber,Timber,True
attr_structure_material,2,86097,Timber,Steel,False
attr_structure_material,2,86099,Timber,Timber,True
attr_structure_material,2,86101,Timber,Timber,True
attr_structure_material,2,86104,Timber,Timber,True
attr_structure_material,2,86110,Timber,Timber,True
attr_structure_material,2,86121,Timber,Timber,True
attr_structure_material,2,86124,Timber,Timber,True
attr_structure_material,2,86125,Timber,Timber,True
attr_structure_material,2,86127,Timber,Timber,True
attr_structure_material,2,86138,Timber,Timber,True
attr_structure_material,2,86165,Timber,Timber,True
attr_structure_material,2,86170,Timber,Timber,True
attr_structure_material,2,86181,Timber,Timber,True
attr_structure_material,2,86188,Timber,Timber,True
attr_structure_material,2,86186,Timber,Timber,True
attr_structure_material,2,86193,Timber,Timber,True
attr_structure_material,2,86195,Timber,Timber,True
attr_structure_material,2,86203,Timber,Timber,True
attr_structure_material,2,86222,Timber,Timber,True
attr_structure_material,2,86226,Timber,Timber,True
attr_structure_material,2,86228,Timber,Timber,True
attr_structure_material,2,86225,Timber,Timber,True
attr_structure_material,2,86245,Timber,Timber,True
attr_structure_material,2,86256,Timber,Timber,True
attr_structure_material,2,87516,Timber,Timber,True
attr_structure_material,2,87534,Timber,Steel,False
attr_structure_material,2,87992,Timber,Timber,True
attr_structure_material,2,88096,Timber,Timber,True
attr_structure_material,2,89579,Timber,Timber,True
attr_structure_material,2,89601,Timber,Timber,True
attr_structure_material,2,89710,Timber,Timber,True
attr_structure_material,2,89715,Timber,Timber,True
attr_structure_material,2,90320,Timber,Timber,True
attr_structure_material,2,90333,Timber,Timber,True
attr_structure_material,2,90339,Timber,Timber,True
attr_structure_material,2,90340,Timber,Timber,True
attr_structure_material,2,90342,Timber,Timber,True
attr_structure_material,2,90346,Timber,Timber,True
attr_structure_material,2,90348,Timber,Steel,False
attr_structure_material,2,90349,Timber,Timber,True
attr_structure_material,2,90352,Timber,Timber,True
attr_structure_material,2,90355,Timber,Timber,True
attr_structure_material,2,90356,Timber,Timber,True
attr_structure_material,2,90357,Timber,Timber,True
attr_structure_material,2,90359,Timber,Timber,True
attr_structure_material,2,90376,Timber,Timber,True
attr_structure_material,2,90379,Timber,Timber,True
attr_structure_material,2,90380,Timber,Timber,True
attr_structure_material,2,90384,Timber,Timber,True
attr_structure_material,2,90387,Timber,Timber,True
attr_structure_material,2,90388,Timber,Timber,True
attr_structure_material,2,90389,Timber,Timber,True
attr_structure_material,2,90396,Timber,Timber,True
attr_structure_material,2,90399,Timber,Timber,True
attr_structure_material,2,92020,Timber,Timber,True
attr_structure_material,2,92024,Timber,Timber,True
attr_structure_material,2,92031,Timber,Timber,True
attr_structure_material,2,92041,Timber,Timber,True
attr_structure_material,2,92051,Timber,Timber,True
attr_structure_material,2,92053,Timber,Timber,True
attr_structure_material,2,94267,Timber,Timber,True
attr_structure_material,2,94268,Timber,Timber,True
attr_structure_material,2,94269,Timber,Timber,True
attr_structure_material,2,94272,Timber,Timber,True
attr_structure_material,2,94283,Timber,Timber,True
attr_structure_material,2,94288,Timber,Timber,True
attr_structure_material,2,94310,Timber,Timber,True
attr_structure_material,2,94350,Timber,Timber,True
attr_structure_material,2,94351,Timber,Timber,True
attr_structure_material,2,94362,Timber,Timber,True
attr_structure_material,2,94365,Timber,Timber,True
attr_structure_material,2,94367,Timber,Timber,True
attr_structure_material,2,94382,Timber,Timber,True
attr_structure_material,2,94390,Timber,Timber,True
attr_structure_material,2,94408,Timber,Timber,True
attr_structure_material,2,94409,Timber,Timber,True
attr_structure_material,2,94410,Timber,Timber,True
attr_structure_material,2,94414,Timber,Timber,True
attr_structure_material,2,94424,Timber,Timber,True
attr_structure_material,2,99815,Timber,Timber,True
attr_structure_material,2,101005,Timber,Timber,True
attr_structure_material,2,102424,Timber,Timber,True
attr_structure_material,2,103729,Timber,Timber,True
attr_structure_material,2,103742,Timber,Timber,True
attr_structure_material,2,103745,Timber,Timber,True
attr_structure_material,2,103752,Timber,Timber,True
attr_structure_material,2,104070,Timber,Aluminum,False
attr_structure_material,2,104081,Timber,Timber,True
attr_structure_material,2,106401,Timber,Timber,True
attr_structure_material,2,107048,Timber,Timber,True
attr_structure_material,2,107327,Timber,Timber,True
attr_structure_material,2,107360,Timber,Timber,True
attr_structure_material,2,107872,Timber,Timber,True
attr_structure_material,2,107874,Timber,Timber,True
attr_structure_material,2,107888,Timber,Timber,True
attr_structure_material,2,107909,Timber,Timber,True
attr_structure_material,2,108014,Timber,Timber,True
attr_structure_material,2,108326,Timber,Timber,True
attr_structure_material,2,108333,Timber,Timber,True
attr_structure_material,2,108339,Timber,Timber,True
attr_structure_material,2,108661,Timber,Timber,True
attr_structure_material,2,108794,Timber,Timber,True
attr_structure_material,2,109614,Timber,Timber,True
attr_structure_material,2,110241,Timber,Timber,True
attr_structure_material,2,110283,Timber,Timber,True
attr_structure_material,2,110992,Timber,Timber,True
attr_structure_material,2,111673,Timber,Timber,True
attr_structure_material,2,111691,Timber,Timber,True
attr_structure_material,2,111741,Timber,Timber,True
attr_structure_material,2,111777,Timber,Timber,True
attr_structure_material,2,111789,Timber,Timber,True
attr_structure_material,2,111813,Timber,Timber,True
attr_structure_material,2,111824,Timber,Timber,True
attr_structure_material,2,111825,Timber,Timber,True
attr_structure_material,2,112035,Timber,Timber,True
attr_structure_material,2,112330,Timber,Timber,True
attr_structure_material,2,113156,Timber,Timber,True
attr_structure_material,2,113178,Timber,Timber,True
attr_structure_material,2,114579,Timber,Timber,True
attr_structure_material,2,114632,Timber,Timber,True
attr_structure_material,2,114724,Timber,Timber,True
attr_structure_material,2,115444,Timber,Timber,True
attr_structure_material,2,115448,Timber,Timber,True
attr_structure_material,2,115449,Timber,Timber,True
attr_structure_material,2,116202,Timber,Aluminum,False
attr_structure_material,2,116739,Timber,Timber,True
attr_structure_material,2,116744,Timber,Steel,False
attr_structure_material,2,116848,Timber,Timber,True
attr_structure_material,2,117213,Timber,Timber,True
attr_structure_material,2,117218,Timber,Timber,True
attr_structure_material,2,117582,Timber,Timber,True
attr_structure_material,2,117586,Timber,Timber,True
attr_structure_material,2,118086,Timber,Timber,True
attr_structure_material,2,120296,Timber,Timber,True
attr_structure_material,2,120298,Timber,Timber,True
attr_structure_material,2,120667,Timber,Timber,True
attr_structure_material,2,120669,Timber,Timber,True
attr_structure_material,2,120675,Timber,Timber,True
attr_structure_material,2,120676,Timber,Timber,True
attr_structure_material,2,120687,Timber,Timber,True
attr_structure_material,2,120732,Timber,Timber,True
attr_structure_material,2,121007,Timber,Timber,True
attr_structure_material,2,121570,Timber,Timber,True
attr_structure_material,2,121576,Timber,Timber,True
attr_structure_material,2,121578,Timber,Timber,True
attr_structure_material,2,121596,Timber,Timber,True
attr_structure_material,2,121601,Timber,Timber,True
attr_structure_material,2,121737,Aluminum,Aluminum,True
attr_structure_material,2,121747,Aluminum,Aluminum,True
attr_structure_material,2,122406,Timber,Timber,True
attr_structure_material,2,123104,Timber,Timber,True
attr_structure_material,2,123260,Timber,Timber,True
attr_structure_material,2,123472,Timber,Timber,True
attr_structure_material,2,124740,Timber,Timber,True
attr_structure_material,2,124741,Timber,Timber,True
attr_structure_material,2,126335,Timber,Timber,True
attr_structure_material,2,126690,Timber,Timber,True
attr_structure_material,2,126691,Timber,Timber,True
attr_structure_material,2,126800,Timber,Timber,True
attr_structure_material,2,126808,Timber,Timber,True
attr_structure_material,2,126833,Timber,Timber,True
attr_structure_material,2,126839,Timber,Timber,True
attr_structure_material,2,127135,Timber,Timber,True
attr_structure_material,2,127154,Timber,Timber,True
attr_structure_material,2,128875,Timber,Timber,True
attr_structure_material,2,100342,Timber,Steel,False
attr_structure_material,2,107055,Timber,Timber,True
attr_structure_material,2,109621,Timber,Timber,True
attr_structure_material,2,114272,Timber,Timber,True
attr_structure_material,2,115446,Timber,Timber,True
attr_structure_material,2,116552,Timber,Steel,False
attr_structure_material,2,117011,Timber,Timber,True
attr_structure_material,2,117294,Timber,Steel,False
attr_structure_material,2,122440,Timber,Timber,True
attr_structure_material,2,128874,Timber,Timber,True
attr_structure_material,2,128879,Timber,Timber,True
attr_structure_material,2,128880,Timber,Timber,True
attr_structure_material,2,46931,Timber,Steel,False
attr_structure_material,2,49061,Steel,Timber,False
attr_structure_material,2,50654,Timber,Timber,True
attr_structure_material,2,51524,Steel,Timber,False
attr_structure_material,2,51533,Steel,Steel,True
attr_structure_material,2,53851,Timber,Timber,True
attr_structure_material,2,54321,Timber,Timber,True
attr_structure_material,2,55635,Concrete,Timber,False
attr_structure_material,2,55640,Aluminum,Aluminum,True
attr_structure_material,2,56469,Timber,Timber,True
attr_structure_material,2,57834,Steel,Steel,True
attr_structure_material,2,57858,Timber,Steel,False
attr_structure_material,2,58164,Timber,Timber,True
attr_structure_material,2,58165,Timber,Timber,True
attr_structure_material,2,58413,Timber,Timber,True
attr_structure_material,2,62089,Timber,Steel,False
attr_structure_material,2,63539,Timber,Timber,True
attr_structure_material,2,64102,Timber,Timber,True
attr_structure_material,2,64109,Timber,Timber,True
attr_structure_material,2,66917,Steel,Timber,False
attr_structure_material,2,66923,Timber,Timber,True
attr_structure_material,2,83937,Timber,Timber,True
attr_structure_material,2,85150,Timber,Timber,True
attr_structure_material,2,85177,Timber,Timber,True
attr_structure_material,2,85208,Timber,Timber,True
attr_structure_material,2,85210,Timber,Timber,True
attr_structure_material,2,86369,Timber,Timber,True
attr_structure_material,2,87188,Timber,Timber,True
attr_structure_material,2,87928,Timber,Aluminum,False
attr_structure_material,2,88220,Timber,Steel,False
attr_structure_material,2,88859,Timber,Timber,True
attr_structure_material,2,88865,Timber,Timber,True
attr_structure_material,2,89445,Timber,Timber,True
attr_structure_material,2,89447,Timber,Timber,True
attr_structure_material,2,90408,Aluminum,Timber,False
attr_structure_material,2,91248,Aluminum,Timber,False
attr_structure_material,2,92150,Timber,Timber,True
attr_structure_material,2,92167,Aluminum,Steel,False
attr_structure_material,2,93043,Timber,Timber,True
attr_structure_material,2,95938,Aluminum,Aluminum,True
attr_structure_material,2,97817,Timber,Timber,True
attr_structure_material,2,98492,Timber,Timber,True
attr_structure_material,2,98498,Timber,Steel,False
attr_structure_material,2,99612,Timber,Steel,False
attr_structure_material,2,99844,Timber,Timber,True
attr_structure_material,2,100272,Timber,Timber,True
attr_structure_material,2,100274,Timber,Timber,True
attr_structure_material,2,100347,Timber,Timber,True
attr_structure_material,2,100348,Timber,Timber,True
attr_structure_material,2,100757,Timber,Timber,True
attr_structure_material,2,100791,Timber,Timber,True
attr_structure_material,2,101869,Timber,Timber,True
attr_structure_material,2,102365,Timber,Timber,True
attr_structure_material,2,102844,Timber,Timber,True
attr_structure_material,2,102849,Timber,Timber,True
attr_structure_material,2,103256,Timber,Steel,False
attr_structure_material,2,105287,Timber,Timber,True
attr_structure_material,2,105442,Timber,Timber,True
attr_structure_material,2,105443,Timber,Timber,True
attr_structure_material,2,106273,Timber,Timber,True
attr_structure_material,2,106920,Timber,Timber,True
attr_structure_material,2,107041,Timber,Timber,True
attr_structure_material,2,107877,Aluminum,Aluminum,True
attr_structure_material,2,107907,Timber,Timber,True
attr_structure_material,2,107912,Timber,Timber,True
attr_structure_material,2,107922,Timber,Timber,True
attr_structure_material,2,107923,Timber,Timber,True
attr_structure_material,2,107955,Aluminum,Aluminum,True
attr_structure_material,2,108037,Steel,Timber,False
attr_structure_material,2,108663,Timber,Timber,True
attr_structure_material,2,109148,Timber,Timber,True
attr_structure_material,2,109334,Timber,Timber,True
attr_structure_material,2,109407,Timber,Timber,True
attr_structure_material,2,109560,Steel,Timber,False
attr_structure_material,2,109619,Timber,Timber,True
attr_structure_material,2,110171,Steel,Steel,True
attr_structure_material,2,110932,Timber,Aluminum,False
attr_structure_material,2,111002,Timber,Timber,True
attr_structure_material,2,111782,Steel,Timber,False
attr_structure_material,2,111942,Timber,Timber,True
attr_structure_material,2,111951,Timber,Timber,True
attr_structure_material,2,112834,Aluminum,Aluminum,True
attr_structure_material,2,113163,Timber,Timber,True
attr_structure_material,2,113164,Steel,Steel,True
attr_structure_material,2,113216,Steel,Timber,False
attr_structure_material,2,113804,Timber,Timber,True
attr_structure_material,2,113805,Steel,Timber,False
attr_structure_material,2,114014,Aluminum,Aluminum,True
attr_structure_material,2,114291,Timber,Timber,True
attr_structure_material,2,114943,Timber,Timber,True
attr_structure_material,2,114962,Timber,Timber,True
attr_structure_material,2,116619,Timber,Timber,True
attr_structure_material,2,117193,Aluminum,Aluminum,True
attr_structure_material,2,117195,Aluminum,Aluminum,True
attr_structure_material,2,117196,Aluminum,Aluminum,True
attr_structure_material,2,118143,Timber,Timber,True
attr_structure_material,2,118246,Steel,Timber,False
attr_structure_material,2,119811,Timber,Concrete,False
attr_structure_material,2,119977,Timber,Timber,True
attr_structure_material,2,121520,Timber,Timber,True
attr_structure_material,2,121649,Timber,Timber,True
attr_structure_material,2,122828,Timber,Timber,True
attr_structure_material,2,122980,Timber,Timber,True
attr_structure_material,2,122981,Timber,Timber,True
attr_structure_material,2,123182,Timber,Timber,True
attr_structure_material,2,126356,Steel,Timber,False
attr_structure_material,2,126564,Concrete,Timber,False
attr_structure_material,2,126799,Aluminum,Aluminum,True
attr_structure_material,2,127145,Timber,Aluminum,False
attr_structure_material,2,129304,Timber,Timber,True
attr_structure_material,2,129305,Timber,Timber,True
attr_structure_material,2,56692,Timber,Steel,False
attr_structure_material,2,60883,Timber,Steel,False
attr_structure_material,2,62340,Concrete,Timber,False
attr_structure_material,2,64468,Timber,Timber,True
attr_structure_material,2,66960,Timber,Steel,False
attr_structure_material,2,74894,Timber,Timber,True
attr_structure_material,2,83431,Timber,Timber,True
attr_structure_material,2,113948,Timber,Steel,False
attr_structure_material,2,123598,Stone,Steel,False
attr_structure_material,2,126292,Aluminum,Timber,False
attr_structure_material,3,46935,Timber,Timber,True
attr_structure_material,3,48121,Timber,Timber,True
attr_structure_material,3,48933,Timber,Timber,True
attr_structure_material,3,50513,Timber,Timber,True
attr_structure_material,3,51255,Timber,Timber,True
attr_structure_material,3,51602,Timber,Timber,True
attr_structure_material,3,52244,Timber,Timber,True
attr_structure_material,3,53993,Timber,Timber,True
attr_structure_material,3,55646,Timber,Timber,True
attr_structure_material,3,61005,Timber,Timber,True
attr_structure_material,3,57747,Timber,Timber,True
attr_structure_material,3,62364,Timber,Timber,True
attr_structure_material,3,64207,Timber,Timber,True
attr_structure_material,3,64273,Timber,Timber,True
attr_structure_material,3,66040,Timber,Timber,True
attr_structure_material,3,65430,Timber,Timber,True
attr_structure_material,3,83895,Timber,Timber,True
attr_structure_material,3,83952,Timber,Timber,True
attr_structure_material,3,85078,Timber,Timber,True
attr_structure_material,3,85171,Timber,Timber,True
attr_structure_material,3,85479,Timber,Timber,True
attr_structure_material,3,85490,Timber,Timber,True
attr_structure_material,3,85495,Timber,Timber,True
attr_structure_material,3,85508,Concrete,Timber,False
attr_structure_material,3,86014,Timber,Timber,True
attr_structure_material,3,86030,Timber,Timber,True
attr_structure_material,3,86052,Timber,Timber,True
attr_structure_material,3,86041,Timber,Timber,True
attr_structure_material,3,86058,Timber,Timber,True
attr_structure_material,3,86079,Timber,Timber,True
attr_structure_material,3,86096,Timber,Timber,True
attr_structure_material,3,86103,Timber,Timber,True
attr_structure_material,3,86100,Timber,Timber,True
attr_structure_material,3,86107,Timber,Timber,True
attr_structure_material,3,86119,Timber,Timber,True
attr_structure_material,3,86120,Timber,Timber,True
attr_structure_material,3,86136,Timber,Timber,True
attr_structure_material,3,86141,Timber,Timber,True
attr_structure_material,3,86154,Timber,Timber,True
attr_structure_material,3,86164,Timber,Timber,True
attr_structure_material,3,86183,Timber,Timber,True
attr_structure_material,3,86187,Timber,Timber,True
attr_structure_material,3,86204,Timber,Timber,True
attr_structure_material,3,86202,Timber,Timber,True
attr_structure_material,3,86215,Timber,Timber,True
attr_structure_material,3,86213,Timber,Timber,True
attr_structure_material,3,86220,Timber,Timber,True
attr_structure_material,3,86223,Timber,Timber,True
attr_structure_material,3,86219,Timber,Timber,True
attr_structure_material,3,86232,Timber,Timber,True
attr_structure_material,3,86236,Timber,Timber,True
attr_structure_material,3,86251,Timber,Timber,True
attr_structure_material,3,86255,Timber,Timber,True
attr_structure_material,3,87505,Timber,Timber,True
attr_structure_material,3,89448,Timber,Timber,True
attr_structure_material,3,89451,Timber,Timber,True
attr_structure_material,3,89575,Timber,Timber,True
attr_structure_material,3,89582,Timber,Steel,False
attr_structure_material,3,89584,Timber,Timber,True
attr_structure_material,3,89591,Timber,Timber,True
attr_structure_material,3,89594,Timber,Timber,True
attr_structure_material,3,89712,Timber,Timber,True
attr_structure_material,3,90321,Timber,Timber,True
attr_structure_material,3,90323,Timber,Timber,True
attr_structure_material,3,90335,Timber,Timber,True
attr_structure_material,3,90338,Timber,Timber,True
attr_structure_material,3,90353,Timber,Timber,True
attr_structure_material,3,90367,Timber,Timber,True
attr_structure_material,3,90369,Timber,Timber,True
attr_structure_material,3,90373,Timber,Timber,True
attr_structure_material,3,90392,Timber,Timber,True
attr_structure_material,3,90394,Timber,Timber,True
attr_structure_material,3,90400,Timber,Timber,True
attr_structure_material,3,92008,Timber,Timber,True
attr_structure_material,3,92034,Timber,Timber,True
attr_structure_material,3,92042,Timber,Timber,True
attr_structure_material,3,92044,Timber,Timber,True
attr_structure_material,3,92057,Timber,Timber,True
attr_structure_material,3,92058,Timber,Timber,True
attr_structure_material,3,93027,Timber,Timber,True
attr_structure_material,3,93034,Timber,Timber,True
attr_structure_material,3,94276,Timber,Timber,True
attr_structure_material,3,94278,Timber,Timber,True
attr_structure_material,3,94280,Timber,Timber,True
attr_structure_material,3,94285,Timber,Aluminum,False
attr_structure_material,3,94287,Timber,Timber,True
attr_structure_material,3,94317,Timber,Timber,True
attr_structure_material,3,94322,Timber,Timber,True
attr_structure_material,3,94326,Timber,Timber,True
attr_structure_material,3,94345,Timber,Timber,True
attr_structure_material,3,94352,Timber,Timber,True
attr_structure_material,3,94366,Timber,Timber,True
attr_structure_material,3,94376,Timber,Timber,True
attr_structure_material,3,94386,Timber,Timber,True
attr_structure_material,3,94388,Timber,Timber,True
attr_structure_material,3,94406,Timber,Timber,True
attr_structure_material,3,94416,Timber,Timber,True
attr_structure_material,3,94425,Timber,Timber,True
attr_structure_material,3,96358,Timber,Timber,True
attr_structure_material,3,99892,Timber,Timber,True
attr_structure_material,3,100345,Timber,Timber,True
attr_structure_material,3,100548,Timber,Timber,True
attr_structure_material,3,100551,Timber,Timber,True
attr_structure_material,3,102430,Timber,Timber,True
attr_structure_material,3,105268,Timber,Timber,True
attr_structure_material,3,105280,Timber,Timber,True
attr_structure_material,3,106937,Timber,Timber,True
attr_structure_material,3,107053,Timber,Timber,True
attr_structure_material,3,107319,Timber,Timber,True
attr_structure_material,3,107330,Timber,Timber,True
attr_structure_material,3,107332,Timber,Timber,True
attr_structure_material,3,107361,Timber,Timber,True
attr_structure_material,3,107364,Timber,Timber,True
attr_structure_material,3,107370,Timber,Timber,True
attr_structure_material,3,107384,Timber,Timber,True
attr_structure_material,3,107880,Timber,Timber,True
attr_structure_material,3,107900,Timber,Timber,True
attr_structure_material,3,107951,Timber,Timber,True
attr_structure_material,3,107980,Timber,Timber,True
attr_structure_material,3,108023,Timber,Timber,True
attr_structure_material,3,108029,Timber,Timber,True
attr_structure_material,3,108041,Timber,Timber,True
attr_structure_material,3,108353,Timber,Timber,True
attr_structure_material,3,108358,Timber,Timber,True
attr_structure_material,3,108381,Timber,Timber,True
attr_structure_material,3,108667,Timber,Timber,True
attr_structure_material,3,108729,Timber,Timber,True
attr_structure_material,3,108733,Timber,Timber,True
attr_structure_material,3,108796,Timber,Timber,True
attr_structure_material,3,109330,Timber,Timber,True
attr_structure_material,3,109331,Timber,Timber,True
attr_structure_material,3,109419,Timber,Timber,True
attr_structure_material,3,109556,Timber,Timber,True
attr_structure_material,3,109595,Timber,Timber,True
attr_structure_material,3,109822,Timber,Timber,True
attr_structure_material,3,109824,Timber,Timber,True
attr_structure_material,3,110228,Timber,Timber,True
attr_structure_material,3,110268,Timber,Timber,True
attr_structure_material,3,110835,Timber,Timber,True
attr_structure_material,3,110955,Timber,Timber,True
attr_structure_material,3,110970,Timber,Timber,True
attr_structure_material,3,111005,Timber,Timber,True
attr_structure_material,3,111671,Timber,Timber,True
attr_structure_material,3,111774,Timber,Timber,True
attr_structure_material,3,111779,Timber,Timber,True
attr_structure_material,3,111786,Timber,Timber,True
attr_structure_material,3,111797,Timber,Timber,True
attr_structure_material,3,111815,Timber,Timber,True
attr_structure_material,3,111831,Timber,Timber,True
attr_structure_material,3,113173,Timber,Timber,True
attr_structure_material,3,113188,Timber,Timber,True
attr_structure_material,3,114284,Timber,Timber,True
attr_structure_material,3,114286,Timber,Timber,True
attr_structure_material,3,114289,Timber,Timber,True
attr_structure_material,3,114934,Timber,Timber,True
attr_structure_material,3,114949,Timber,Timber,True
attr_structure_material,3,114975,Timber,Timber,True
attr_structure_material,3,116204,Timber,Timber,True
attr_structure_material,3,116769,Timber,Timber,True
attr_structure_material,3,117013,Timber,Timber,True
attr_structure_material,3,117015,Timber,Timber,True
attr_structure_material,3,117030,Timber,Timber,True
attr_structure_material,3,117199,Timber,Timber,True
attr_structure_material,3,117203,Timber,Timber,True
attr_structure_material,3,117208,Timber,Timber,True
attr_structure_material,3,117210,Timber,Timber,True
attr_structure_material,3,117535,Timber,Timber,True
attr_structure_material,3,118770,Timber,Timber,True
attr_structure_material,3,120666,Timber,Timber,True
attr_structure_material,3,120671,Timber,Timber,True
attr_structure_material,3,92014,Timber,Timber,True
attr_structure_material,3,120692,Timber,Timber,True
attr_structure_material,3,121002,Timber,Timber,True
attr_structure_material,3,121010,Timber,Timber,True
attr_structure_material,3,121480,Timber,Timber,True
attr_structure_material,3,121577,Timber,Timber,True
attr_structure_material,3,121597,Timber,Timber,True
attr_structure_material,3,121599,Timber,Timber,True
attr_structure_material,3,121612,Timber,Timber,True
attr_structure_material,3,121743,Aluminum,Aluminum,True
attr_structure_material,3,121791,Timber,Timber,True
attr_structure_material,3,122856,Timber,Timber,True
attr_structure_material,3,123256,Timber,Timber,True
attr_structure_material,3,123259,Timber,Timber,True
attr_structure_material,3,123470,Timber,Timber,True
attr_structure_material,3,127067,Timber,Timber,True
attr_structure_material,3,127242,Timber,Timber,True
attr_structure_material,3,127653,Timber,Timber,True
attr_structure_material,3,129399,Timber,Timber,True
attr_structure_material,3,114198,Timber,Timber,True
attr_structure_material,3,114261,Timber,Timber,True
attr_structure_material,3,122443,Timber,Timber,True
attr_structure_material,3,127153,Timber,Timber,True
attr_structure_material,3,46340,Timber,Steel,False
attr_structure_material,3,46924,Timber,Timber,True
attr_structure_material,3,46925,Timber,Timber,True
attr_structure_material,3,46926,Timber,Timber,True
attr_structure_material,3,48340,Steel,Timber,False
attr_structure_material,3,49059,Timber,Timber,True
attr_structure_material,3,49062,Concrete,Timber,False
attr_structure_material,3,49497,Timber,Timber,True
attr_structure_material,3,51528,Steel,Timber,False
attr_structure_material,3,51531,Steel,Timber,False
attr_structure_material,3,51799,Steel,Steel,True
attr_structure_material,3,51800,Timber,Timber,True
attr_structure_material,3,52458,Timber,Timber,True
attr_structure_material,3,52551,Timber,Steel,False
attr_structure_material,3,53193,Timber,Timber,True
attr_structure_material,3,53198,Steel,Timber,False
attr_structure_material,3,54184,Timber,Timber,True
attr_structure_material,3,54322,Steel,Steel,True
attr_structure_material,3,54683,Timber,Timber,True
attr_structure_material,3,55115,Timber,Timber,True
attr_structure_material,3,55116,Aluminum,Aluminum,True
attr_structure_material,3,55798,Timber,Timber,True
attr_structure_material,3,56468,Timber,Timber,True
attr_structure_material,3,57833,Timber,Timber,True
attr_structure_material,3,58161,Steel,Steel,True
attr_structure_material,3,61003,Timber,Timber,True
attr_structure_material,3,61416,Concrete,Steel,False
attr_structure_material,3,63597,Steel,Steel,True
attr_structure_material,3,63633,Timber,Timber,True
attr_structure_material,3,64643,Aluminum,Timber,False
attr_structure_material,3,65608,Concrete,Concrete,True
attr_structure_material,3,65789,Steel,Timber,False
attr_structure_material,3,66915,Steel,Timber,False
attr_structure_material,3,66922,Timber,Steel,False
attr_structure_material,3,79980,Timber,Timber,True
attr_structure_material,3,82270,Timber,Timber,True
attr_structure_material,3,83138,Timber,Timber,True
attr_structure_material,3,83141,Timber,Timber,True
attr_structure_material,3,83515,Timber,Timber,True
attr_structure_material,3,85148,Timber,Timber,True
attr_structure_material,3,85364,Timber,Timber,True
attr_structure_material,3,85487,Timber,Timber,True
attr_structure_material,3,88280,Timber,Timber,True
attr_structure_material,3,88733,Steel,Timber,False
attr_structure_material,3,88814,Timber,Timber,True
attr_structure_material,3,88866,Timber,Timber,True
attr_structure_material,3,89437,Timber,Timber,True
attr_structure_material,3,89440,Timber,Timber,True
attr_structure_material,3,89597,Timber,Timber,True
attr_structure_material,3,89609,Timber,Timber,True
attr_structure_material,3,91711,Timber,Timber,True
attr_structure_material,3,92147,Timber,Timber,True
attr_structure_material,3,92872,Timber,Timber,True
attr_structure_material,3,94778,Timber,Timber,True
attr_structure_material,3,96291,Timber,Timber,True
attr_structure_material,3,96561,Aluminum,Steel,False
attr_structure_material,3,97816,Timber,Timber,True
attr_structure_material,3,99457,Timber,Timber,True
attr_structure_material,3,99459,Timber,Timber,True
attr_structure_material,3,100140,Timber,Timber,True
attr_structure_material,3,100262,Timber,Timber,True
attr_structure_material,3,100446,Timber,Timber,True
attr_structure_material,3,100758,Timber,Timber,True
attr_structure_material,3,101131,Steel,Timber,False
attr_structure_material,3,101988,Timber,Timber,True
attr_structure_material,3,103526,Timber,Timber,True
attr_structure_material,3,104857,Aluminum,Aluminum,True
attr_structure_material,3,105437,Timber,Steel,False
attr_structure_material,3,105449,Timber,Timber,True
attr_structure_material,3,105457,Timber,Timber,True
attr_structure_material,3,106036,Timber,Timber,True
attr_structure_material,3,106266,Timber,Timber,True
attr_structure_material,3,107885,Aluminum,Aluminum,True
attr_structure_material,3,107890,Aluminum,Aluminum,True
attr_structure_material,3,107969,Aluminum,Steel,False
attr_structure_material,3,108740,Timber,Timber,True
attr_structure_material,3,109534,Timber,Timber,True
attr_structure_material,3,109536,Timber,Timber,True
attr_structure_material,3,110164,Steel,Steel,True
attr_structure_material,3,110169,Steel,Steel,True
attr_structure_material,3,110775,Timber,Timber,True
attr_structure_material,3,110868,Timber,Timber,True
attr_structure_material,3,110956,Timber,Timber,True
attr_structure_material,3,113125,Steel,Timber,False
attr_structure_material,3,113126,Timber,Timber,True
attr_structure_material,3,113153,Steel,Steel,True
attr_structure_material,3,113168,Timber,Timber,True
attr_structure_material,3,113217,Timber,Timber,True
attr_structure_material,3,113800,Timber,Timber,True
attr_structure_material,3,114047,Timber,Timber,True
attr_structure_material,3,114290,Timber,Timber,True
attr_structure_material,3,114635,Timber,Timber,True
attr_structure_material,3,114646,Timber,Steel,False
attr_structure_material,3,114711,Timber,Timber,True
attr_structure_material,3,114923,Timber,Timber,True
attr_structure_material,3,114950,Timber,Timber,True
attr_structure_material,3,115261,Timber,Steel,False
attr_structure_material,3,115807,Timber,Timber,True
attr_structure_material,3,116690,Timber,Timber,True
attr_structure_material,3,116737,Aluminum,Aluminum,True
attr_structure_material,3,116847,Timber,Steel,False
attr_structure_material,3,117197,Aluminum,Aluminum,True
attr_structure_material,3,117214,Aluminum,Aluminum,True
attr_structure_material,3,117216,Aluminum,Aluminum,True
attr_structure_material,3,117365,Timber,Timber,True
attr_structure_material,3,119844,Timber,Timber,True
attr_structure_material,3,119863,Timber,Timber,True
attr_structure_material,3,119948,Timber,Timber,True
attr_structure_material,3,120686,Timber,Timber,True
attr_structure_material,3,121497,Timber,Timber,True
attr_structure_material,3,121595,Timber,Timber,True
attr_structure_material,3,121618,Aluminum,Concrete,False
attr_structure_material,3,122178,Timber,Timber,True
attr_structure_material,3,122439,Steel,Steel,True
attr_structure_material,3,123000,Timber,Timber,True
attr_structure_material,3,123159,Steel,Steel,True
attr_structure_material,3,123218,Timber,Timber,True
attr_structure_material,3,123219,Timber,Concrete,False
attr_structure_material,3,123309,Timber,Timber,True
attr_structure_material,3,126804,Aluminum,Aluminum,True
attr_structure_material,3,127184,Timber,Steel,False
attr_structure_material,3,127523,Timber,Timber,True
attr_structure_material,3,46617,Timber,Timber,True
attr_structure_material,3,46619,Timber,Timber,True
attr_structure_material,3,48252,Timber,Concrete,False
attr_structure_material,3,50824,Timber,Timber,True
attr_structure_material,3,51549,Steel,Steel,True
attr_structure_material,3,51864,Steel,Timber,False
attr_structure_material,3,54338,Timber,Timber,True
attr_structure_material,3,55471,Steel,Steel,True
attr_structure_material,3,56786,Timber,Timber,True
attr_structure_material,3,57298,Timber,Concrete,False
attr_structure_material,3,57509,Timber,Steel,False
attr_structure_material,3,62341,Concrete,Concrete,True
attr_structure_material,3,64463,Timber,Timber,True
attr_structure_material,3,66959,Timber,Concrete,False
attr_structure_material,3,68016,Timber,Steel,False
attr_structure_material,3,68017,Timber,Timber,True
attr_structure_material,3,74944,Concrete,Timber,False
attr_structure_material,3,80994,Timber,Timber,True
attr_structure_material,3,111784,Timber,Steel,False
attr_structure_material,3,112357,Timber,Timber,True
attr_structure_material,4,46933,Timber,Steel,False
attr_structure_material,4,48119,Timber,Timber,True
attr_structure_material,4,48935,Timber,Timber,True
attr_structure_material,4,48936,Timber,Steel,False
attr_structure_material,4,51440,Timber,Timber,True
attr_structure_material,4,55648,Timber,Timber,True
attr_structure_material,4,55645,Timber,Timber,True
attr_structure_material,4,58825,Timber,Timber,True
attr_structure_material,4,61742,Timber,Timber,True
attr_structure_material,4,63220,Timber,Timber,True
attr_structure_material,4,64888,Timber,Timber,True
attr_structure_material,4,81875,Timber,Timber,True
attr_structure_material,4,83916,Steel,Timber,False
attr_structure_material,4,83458,Timber,Timber,True
attr_structure_material,4,84819,Timber,Timber,True
attr_structure_material,4,85477,Timber,Timber,True
attr_structure_material,4,85491,Timber,Timber,True
attr_structure_material,4,86054,Timber,Timber,True
attr_structure_material,4,86065,Timber,Timber,True
attr_structure_material,4,86068,Timber,Timber,True
attr_structure_material,4,86077,Timber,Timber,True
attr_structure_material,4,86092,Timber,Timber,True
attr_structure_material,4,86093,Timber,Timber,True
attr_structure_material,4,86108,Timber,Timber,True
attr_structure_material,4,86114,Timber,Timber,True
attr_structure_material,4,86115,Timber,Timber,True
attr_structure_material,4,86134,Timber,Timber,True
attr_structure_material,4,86137,Timber,Timber,True
attr_structure_material,4,86144,Timber,Timber,True
attr_structure_material,4,86145,Timber,Timber,True
attr_structure_material,4,86148,Timber,Timber,True
attr_structure_material,4,86161,Timber,Timber,True
attr_structure_material,4,86168,Timber,Timber,True
attr_structure_material,4,86178,Timber,Timber,True
attr_structure_material,4,86196,Timber,Timber,True
attr_structure_material,4,86217,Timber,Timber,True
attr_structure_material,4,86224,Timber,Timber,True
attr_structure_material,4,86231,Timber,Timber,True
attr_structure_material,4,86229,Timber,Timber,True
attr_structure_material,4,86241,Timber,Timber,True
attr_structure_material,4,86260,Timber,Timber,True
attr_structure_material,4,87554,Timber,Timber,True
attr_structure_material,4,87583,Timber,Timber,True
attr_structure_material,4,88094,Timber,Timber,True
attr_structure_material,4,88097,Timber,Timber,True
attr_structure_material,4,88273,Timber,Steel,False
attr_structure_material,4,88674,Timber,Timber,True
attr_structure_material,4,89577,Timber,Timber,True
attr_structure_material,4,89593,Timber,Timber,True
attr_structure_material,4,89713,Timber,Timber,True
attr_structure_material,4,89765,Timber,Timber,True
attr_structure_material,4,90324,Timber,Timber,True
attr_structure_material,4,90337,Timber,Timber,True
attr_structure_material,4,90344,Timber,Timber,True
attr_structure_material,4,90354,Timber,Timber,True
attr_structure_material,4,90368,Timber,Timber,True
attr_structure_material,4,90370,Timber,Timber,True
attr_structure_material,4,90382,Timber,Timber,True
attr_structure_material,4,90395,Timber,Timber,True
attr_structure_material,4,92021,Timber,Timber,True
attr_structure_material,4,92023,Timber,Timber,True
attr_structure_material,4,92025,Timber,Timber,True
attr_structure_material,4,92026,Timber,Timber,True
attr_structure_material,4,92027,Timber,Timber,True
attr_structure_material,4,92028,Timber,Timber,True
attr_structure_material,4,92035,Timber,Timber,True
attr_structure_material,4,92048,Timber,Timber,True
attr_structure_material,4,92054,Timber,Timber,True
attr_structure_material,4,92106,Timber,Timber,True
attr_structure_material,4,93025,Timber,Timber,True
attr_structure_material,4,94270,Timber,Timber,True
attr_structure_material,4,94275,Timber,Timber,True
attr_structure_material,4,94279,Timber,Timber,True
attr_structure_material,4,94291,Timber,Timber,True
attr_structure_material,4,94294,Timber,Timber,True
attr_structure_material,4,94312,Timber,Timber,True
attr_structure_material,4,94316,Timber,Timber,True
attr_structure_material,4,94319,Timber,Timber,True
attr_structure_material,4,94321,Timber,Timber,True
attr_structure_material,4,94327,Timber,Timber,True
attr_structure_material,4,94336,Timber,Timber,True
attr_structure_material,4,94344,Timber,Timber,True
attr_structure_material,4,94356,Timber,Timber,True
attr_structure_material,4,94361,Timber,Timber,True
attr_structure_material,4,94371,Timber,Timber,True
attr_structure_material,4,94373,Timber,Timber,True
attr_structure_material,4,94375,Timber,Timber,True
attr_structure_material,4,94383,Timber,Timber,True
attr_structure_material,4,94392,Timber,Timber,True
attr_structure_material,4,94411,Timber,Timber,True
attr_structure_material,4,94412,Timber,Timber,True
attr_structure_material,4,94421,Timber,Timber,True
attr_structure_material,4,94422,Timber,Timber,True
attr_structure_material,4,96332,Timber,Timber,True
attr_structure_material,4,99891,Timber,Timber,True
attr_structure_material,4,100260,Timber,Timber,True
attr_structure_material,4,100549,Timber,Timber,True
attr_structure_material,4,100550,Timber,Timber,True
attr_structure_material,4,100555,Timber,Timber,True
attr_structure_material,4,102412,Timber,Timber,True
attr_structure_material,4,102440,Timber,Timber,True
attr_structure_material,4,102443,Timber,Timber,True
attr_structure_material,4,102444,Timber,Timber,True
attr_structure_material,4,103622,Timber,Timber,True
attr_structure_material,4,103624,Timber,Timber,True
attr_structure_material,4,103743,Timber,Timber,True
attr_structure_material,4,105246,Timber,Timber,True
attr_structure_material,4,107054,Timber,Timber,True
attr_structure_material,4,107060,Timber,Timber,True
attr_structure_material,4,107140,Timber,Timber,True
attr_structure_material,4,107284,Timber,Timber,True
attr_structure_material,4,107317,Timber,Timber,True
attr_structure_material,4,107335,Timber,Timber,True
attr_structure_material,4,107345,Timber,Timber,True
attr_structure_material,4,107357,Timber,Timber,True
attr_structure_material,4,107358,Timber,Timber,True
attr_structure_material,4,107365,Timber,Timber,True
attr_structure_material,4,107891,Timber,Timber,True
attr_structure_material,4,107906,Timber,Timber,True
attr_structure_material,4,107919,Timber,Timber,True
attr_structure_material,4,107920,Timber,Timber,True
attr_structure_material,4,107959,Timber,Timber,True
attr_structure_material,4,108002,Timber,Timber,True
attr_structure_material,4,108031,Timber,Timber,True
attr_structure_material,4,108296,Timber,Timber,True
attr_structure_material,4,108297,Timber,Timber,True
attr_structure_material,4,108345,Timber,Timber,True
attr_structure_material,4,108355,Timber,Timber,True
attr_structure_material,4,108397,Timber,Timber,True
attr_structure_material,4,108735,Timber,Timber,True
attr_structure_material,4,108780,Timber,Timber,True
attr_structure_material,4,108784,Timber,Timber,True
attr_structure_material,4,108788,Timber,Timber,True
attr_structure_material,4,108790,Timber,Timber,True
attr_structure_material,4,108791,Timber,Timber,True
attr_structure_material,4,108793,Timber,Timber,True
attr_structure_material,4,108798,Timber,Timber,True
attr_structure_material,4,109163,Timber,Timber,True
attr_structure_material,4,109413,Timber,Timber,True
attr_structure_material,4,109555,Timber,Timber,True
attr_structure_material,4,109617,Timber,Timber,True
attr_structure_material,4,110291,Timber,Timber,True
attr_structure_material,4,110822,Timber,Timber,True
attr_structure_material,4,110832,Timber,Timber,True
attr_structure_material,4,110837,Timber,Timber,True
attr_structure_material,4,110963,Timber,Timber,True
attr_structure_material,4,110968,Timber,Timber,True
attr_structure_material,4,110969,Timber,Concrete,False
attr_structure_material,4,111683,Timber,Timber,True
attr_structure_material,4,111717,Timber,Timber,True
attr_structure_material,4,111733,Timber,Timber,True
attr_structure_material,4,111765,Timber,Timber,True
attr_structure_material,4,111821,Timber,Timber,True
attr_structure_material,4,111832,Timber,Timber,True
attr_structure_material,4,112033,Timber,Timber,True
attr_structure_material,4,113130,Timber,Timber,True
attr_structure_material,4,113171,Timber,Timber,True
attr_structure_material,4,114916,Timber,Timber,True
attr_structure_material,4,114925,Timber,Timber,True
attr_structure_material,4,114954,Timber,Concrete,False
attr_structure_material,4,114973,Timber,Timber,True
attr_structure_material,4,115442,Timber,Timber,True
attr_structure_material,4,116203,Timber,Timber,True
attr_structure_material,4,116621,Timber,Timber,True
attr_structure_material,4,116635,Timber,Timber,True
attr_structure_material,4,120664,Timber,Timber,True
attr_structure_material,4,120673,Timber,Timber,True
attr_structure_material,4,120681,Timber,Timber,True
attr_structure_material,4,120688,Timber,Timber,True
attr_structure_material,4,120736,Timber,Timber,True
attr_structure_material,4,120908,Timber,Timber,True
attr_structure_material,4,121005,Timber,Timber,True
attr_structure_material,4,121015,Timber,Timber,True
attr_structure_material,4,121581,Timber,Timber,True
attr_structure_material,4,121594,Timber,Timber,True
attr_structure_material,4,121611,Timber,Timber,True
attr_structure_material,4,121739,Aluminum,Aluminum,True
attr_structure_material,4,121745,Aluminum,Aluminum,True
attr_structure_material,4,121749,Aluminum,Aluminum,True
attr_structure_material,4,122831,Timber,Timber,True
attr_structure_material,4,123142,Timber,Timber,True
attr_structure_material,4,123776,Timber,Timber,True
attr_structure_material,4,123778,Timber,Timber,True
attr_structure_material,4,123786,Timber,Timber,True
attr_structure_material,4,126159,Timber,Timber,True
attr_structure_material,4,126701,Timber,Timber,True
attr_structure_material,4,126780,Timber,Timber,True
attr_structure_material,4,126807,Timber,Timber,True
attr_structure_material,4,126836,Timber,Timber,True
attr_structure_material,4,127131,Timber,Timber,True
attr_structure_material,4,127149,Timber,Timber,True
attr_structure_material,4,127151,Timber,Timber,True
attr_structure_material,4,127231,Timber,Timber,True
attr_structure_material,4,127459,Timber,Timber,True
attr_structure_material,4,127945,Timber,Timber,True
attr_structure_material,4,129402,Timber,Steel,False
attr_structure_material,4,81881,Timber,Timber,True
attr_structure_material,4,89766,Timber,Timber,True
attr_structure_material,4,90486,Timber,Timber,True
attr_structure_material,4,92846,Timber,Timber,True
attr_structure_material,4,110257,Timber,Timber,True
attr_structure_material,4,114211,Timber,Timber,True
attr_structure_material,4,114255,Timber,Timber,True
attr_structure_material,4,117576,Timber,Timber,True
attr_structure_material,4,118804,Timber,Timber,True
attr_structure_material,4,118805,Timber,Timber,True
attr_structure_material,4,127071,Timber,Timber,True
attr_structure_material,4,128878,Timber,Timber,True
attr_structure_material,4,46923,Timber,Timber,True
attr_structure_material,4,46929,Timber,Timber,True
attr_structure_material,4,47636,Timber,Steel,False
attr_structure_material,4,47637,Timber,Timber,True
attr_structure_material,4,48111,Timber,Steel,False
attr_structure_material,4,48342,Steel,Timber,False
attr_structure_material,4,49058,Timber,Timber,True
attr_structure_material,4,49664,Timber,Aluminum,False
attr_structure_material,4,50821,Timber,Timber,True
attr_structure_material,4,51941,Timber,Steel,False
attr_structure_material,4,53984,Timber,Steel,False
attr_structure_material,4,53985,Timber,Steel,False
attr_structure_material,4,55465,Steel,Timber,False
attr_structure_material,4,55642,Timber,Timber,True
attr_structure_material,4,56470,Timber,Timber,True
attr_structure_material,4,56858,Timber,Timber,True
attr_structure_material,4,58162,Aluminum,Timber,False
attr_structure_material,4,58168,Timber,Timber,True
attr_structure_material,4,58410,Timber,Steel,False
attr_structure_material,4,58881,Timber,Steel,False
attr_structure_material,4,61413,Steel,Timber,False
attr_structure_material,4,61499,Timber,Timber,True
attr_structure_material,4,62289,Timber,Timber,True
attr_structure_material,4,63069,Timber,Timber,True
attr_structure_material,4,65497,Aluminum,Aluminum,True
attr_structure_material,4,66920,Aluminum,Aluminum,True
attr_structure_material,4,67206,Timber,Concrete,False
attr_structure_material,4,79958,Timber,Steel,False
attr_structure_material,4,82385,Timber,Timber,True
attr_structure_material,4,86218,Timber,Timber,True
attr_structure_material,4,86521,Steel,Timber,False
attr_structure_material,4,86597,Steel,Timber,False
attr_structure_material,4,87745,Timber,Timber,True
attr_structure_material,4,88201,Aluminum,Aluminum,True
attr_structure_material,4,88838,Timber,Timber,True
attr_structure_material,4,88842,Timber,Timber,True
attr_structure_material,4,88857,Timber,Timber,True
attr_structure_material,4,88860,Timber,Timber,True
attr_structure_material,4,88871,Timber,Timber,True
attr_structure_material,4,89580,Timber,Timber,True
attr_structure_material,4,92801,Timber,Timber,True
attr_structure_material,4,93007,Timber,Timber,True
attr_structure_material,4,93036,Timber,Timber,True
attr_structure_material,4,93038,Timber,Timber,True
attr_structure_material,4,94177,Timber,Steel,False
attr_structure_material,4,99460,Timber,Timber,True
attr_structure_material,4,99882,Timber,Timber,True
attr_structure_material,4,100138,Timber,Timber,True
attr_structure_material,4,100148,Timber,Timber,True
attr_structure_material,4,100181,Timber,Timber,True
attr_structure_material,4,100269,Timber,Steel,False
attr_structure_material,4,100475,Timber,Timber,True
attr_structure_material,4,101868,Timber,Timber,True
attr_structure_material,4,101890,Timber,Steel,False
attr_structure_material,4,102360,Timber,Timber,True
attr_structure_material,4,102373,Timber,Timber,True
attr_structure_material,4,102851,Timber,Timber,True
attr_structure_material,4,104732,Steel,Timber,False
attr_structure_material,4,104865,Aluminum,Steel,False
attr_structure_material,4,105438,Timber,Timber,True
attr_structure_material,4,105439,Timber,Timber,True
attr_structure_material,4,105444,Timber,Steel,False
attr_structure_material,4,106027,Timber,Timber,True
attr_structure_material,4,106050,Timber,Timber,True
attr_structure_material,4,106054,Timber,Timber,True
attr_structure_material,4,106264,Timber,Timber,True
attr_structure_material,4,107069,Timber,Timber,True
attr_structure_material,4,107387,Timber,Timber,True
attr_structure_material,4,107895,Aluminum,Aluminum,True
attr_structure_material,4,107973,Aluminum,Aluminum,True
attr_structure_material,4,108019,Timber,Timber,True
attr_structure_material,4,108330,Timber,Steel,False
attr_structure_material,4,108781,Timber,Timber,True
attr_structure_material,4,109160,Timber,Timber,True
attr_structure_material,4,109537,Timber,Timber,True
attr_structure_material,4,109538,Timber,Timber,True
attr_structure_material,4,110170,Steel,Aluminum,False
attr_structure_material,4,110299,Timber,Timber,True
attr_structure_material,4,112369,Timber,Timber,True
attr_structure_material,4,112422,Timber,Timber,True
attr_structure_material,4,113244,Steel,Concrete,False
attr_structure_material,4,114081,Timber,Timber,True
attr_structure_material,4,114085,Timber,Timber,True
attr_structure_material,4,114090,Timber,Timber,True
attr_structure_material,4,114701,Timber,Timber,True
attr_structure_material,4,114815,Timber,Steel,False
attr_structure_material,4,114940,Timber,Timber,True
attr_structure_material,4,114960,Timber,Timber,True
attr_structure_material,4,115870,Timber,Timber,True
attr_structure_material,4,117191,Aluminum,Aluminum,True
attr_structure_material,4,117192,Aluminum,Aluminum,True
attr_structure_material,4,117220,Aluminum,Aluminum,True
attr_structure_material,4,117223,Aluminum,Aluminum,True
attr_structure_material,4,117304,Steel,Timber,False
attr_structure_material,4,118750,Steel,Steel,True
attr_structure_material,4,119973,Timber,Timber,True
attr_structure_material,4,120706,Steel,Steel,True
attr_structure_material,4,121500,Timber,Timber,True
attr_structure_material,4,121755,Timber,Timber,True
attr_structure_material,4,121993,Timber,Timber,True
attr_structure_material,4,122184,Timber,Timber,True
attr_structure_material,4,122441,Steel,Steel,True
attr_structure_material,4,123167,Timber,Timber,True
attr_structure_material,4,123352,Timber,Timber,True
attr_structure_material,4,123364,Timber,Timber,True
attr_structure_material,4,123585,Timber,Timber,True
attr_structure_material,4,126721,Steel,Steel,True
attr_structure_material,4,126737,Timber,Timber,True
attr_structure_material,4,126779,Steel,Aluminum,False
attr_structure_material,4,126913,Timber,Timber,True
attr_structure_material,4,127147,Timber,Aluminum,False
attr_structure_material,4,127203,Timber,Timber,True
attr_structure_material,4,127205,Timber,Timber,True
attr_structure_material,4,129739,Timber,Timber,True
attr_structure_material,4,51530,Aluminum,Concrete,False
attr_structure_material,4,52250,Timber,Timber,True
attr_structure_material,4,54072,Timber,Timber,True
attr_structure_material,4,55656,Timber,Timber,True
attr_structure_material,4,58183,Timber,Timber,True
attr_structure_material,4,66954,Steel,Steel,True
attr_structure_material,4,68018,Timber,Timber,True
attr_structure_material,4,74895,Timber,Timber,True
attr_structure_material,4,85146,Timber,Timber,True
attr_structure_material,4,86580,Steel,Steel,True
attr_structure_material,4,90699,Timber,Timber,True
attr_structure_material,4,100150,Timber,Steel,False
attr_structure_material,4,122778,Timber,Timber,True
attr_structure_material,5,48117,Timber,Timber,True
attr_structure_material,5,48934,Timber,Timber,True
attr_structure_material,5,56209,Timber,Timber,True
attr_structure_material,5,56778,Timber,Timber,True
attr_structure_material,5,58173,Timber,Steel,False
attr_structure_material,5,58171,Timber,Timber,True
attr_structure_material,5,62447,Timber,Timber,True
attr_structure_material,5,64220,Timber,Timber,True
attr_structure_material,5,64235,Timber,Timber,True
attr_structure_material,5,64236,Timber,Timber,True
attr_structure_material,5,64887,Timber,Timber,True
attr_structure_material,5,67630,Timber,Timber,True
attr_structure_material,5,83914,Timber,Timber,True
attr_structure_material,5,83938,Timber,Timber,True
attr_structure_material,5,83944,Timber,Timber,True
attr_structure_material,5,85482,Timber,Timber,True
attr_structure_material,5,85485,Timber,Timber,True
attr_structure_material,5,86034,Timber,Timber,True
attr_structure_material,5,86063,Timber,Timber,True
attr_structure_material,5,86072,Timber,Timber,True
attr_structure_material,5,86075,Timber,Timber,True
attr_structure_material,5,86122,Timber,Timber,True
attr_structure_material,5,86123,Timber,Timber,True
attr_structure_material,5,86130,Timber,Timber,True
attr_structure_material,5,86133,Timber,Timber,True
attr_structure_material,5,86135,Timber,Timber,True
attr_structure_material,5,86139,Timber,Timber,True
attr_structure_material,5,86140,Timber,Timber,True
attr_structure_material,5,86146,Timber,Concrete,False
attr_structure_material,5,86150,Timber,Timber,True
attr_structure_material,5,86152,Timber,Timber,True
attr_structure_material,5,86151,Timber,Steel,False
attr_structure_material,5,86153,Timber,Timber,True
attr_structure_material,5,86180,Timber,Timber,True
attr_structure_material,5,86205,Timber,Timber,True
attr_structure_material,5,86214,Timber,Timber,True
attr_structure_material,5,86227,Timber,Timber,True
attr_structure_material,5,86230,Timber,Timber,True
attr_structure_material,5,86237,Timber,Timber,True
attr_structure_material,5,86248,Timber,Timber,True
attr_structure_material,5,86253,Timber,Timber,True
attr_structure_material,5,86257,Timber,Timber,True
attr_structure_material,5,87530,Timber,Timber,True
attr_structure_material,5,87575,Timber,Timber,True
attr_structure_material,5,88279,Timber,Timber,True
attr_structure_material,5,89581,Timber,Timber,True
attr_structure_material,5,89598,Timber,Timber,True
attr_structure_material,5,89709,Timber,Timber,True
attr_structure_material,5,89721,Timber,Timber,True
attr_structure_material,5,89728,Timber,Timber,True
attr_structure_material,5,89762,Timber,Timber,True
attr_structure_material,5,90330,Timber,Timber,True
attr_structure_material,5,90343,Timber,Steel,False
attr_structure_material,5,90351,Timber,Timber,True
attr_structure_material,5,90362,Timber,Timber,True
attr_structure_material,5,90372,Timber,Timber,True
attr_structure_material,5,90377,Timber,Timber,True
attr_structure_material,5,90393,Timber,Timber,True
attr_structure_material,5,90397,Timber,Timber,True
attr_structure_material,5,91943,Timber,Timber,True
attr_structure_material,5,91946,Timber,Timber,True
attr_structure_material,5,92004,Timber,Timber,True
attr_structure_material,5,92009,Timber,Timber,True
attr_structure_material,5,92012,Timber,Timber,True
attr_structure_material,5,92030,Timber,Timber,True
attr_structure_material,5,92036,Timber,Timber,True
attr_structure_material,5,92708,Timber,Timber,True
attr_structure_material,5,93042,Timber,Timber,True
attr_structure_material,5,94271,Timber,Aluminum,False
attr_structure_material,5,94281,Timber,Timber,True
attr_structure_material,5,94290,Timber,Timber,True
attr_structure_material,5,94304,Timber,Timber,True
attr_structure_material,5,94346,Timber,Timber,True
attr_structure_material,5,94353,Timber,Timber,True
attr_structure_material,5,94354,Timber,Timber,True
attr_structure_material,5,94355,Timber,Timber,True
attr_structure_material,5,94357,Timber,Timber,True
attr_structure_material,5,94377,Timber,Timber,True
attr_structure_material,5,94380,Timber,Timber,True
attr_structure_material,5,94385,Timber,Timber,True
attr_structure_material,5,94394,Timber,Timber,True
attr_structure_material,5,94399,Timber,Timber,True
attr_structure_material,5,94407,Timber,Timber,True
attr_structure_material,5,94423,Timber,Timber,True
attr_structure_material,5,94486,Timber,Timber,True
attr_structure_material,5,94487,Timber,Timber,True
attr_structure_material,5,95730,Timber,Timber,True
attr_structure_material,5,96809,Timber,Timber,True
attr_structure_material,5,100556,Timber,Timber,True
attr_structure_material,5,100999,Timber,Timber,True
attr_structure_material,5,102356,Timber,Timber,True
attr_structure_material,5,102415,Timber,Timber,True
attr_structure_material,5,102428,Timber,Timber,True
attr_structure_material,5,102441,Timber,Timber,True
attr_structure_material,5,103710,Timber,Timber,True
attr_structure_material,5,105250,Timber,Timber,True
attr_structure_material,5,107065,Timber,Timber,True
attr_structure_material,5,107079,Timber,Timber,True
attr_structure_material,5,107082,Timber,Timber,True
attr_structure_material,5,107359,Timber,Timber,True
attr_structure_material,5,107363,Timber,Aluminum,False
attr_structure_material,5,107867,Timber,Timber,True
attr_structure_material,5,107901,Timber,Timber,True
attr_structure_material,5,107978,Timber,Timber,True
attr_structure_material,5,107991,Timber,Timber,True
attr_structure_material,5,108008,Timber,Timber,True
attr_structure_material,5,108011,Timber,Timber,True
attr_structure_material,5,108021,Timber,Timber,True
attr_structure_material,5,108022,Timber,Timber,True
attr_structure_material,5,108033,Timber,Timber,True
attr_structure_material,5,108341,Timber,Timber,True
attr_structure_material,5,108373,Timber,Timber,True
attr_structure_material,5,108660,Timber,Timber,True
attr_structure_material,5,108727,Timber,Timber,True
attr_structure_material,5,108779,Timber,Timber,True
attr_structure_material,5,108792,Timber,Timber,True
attr_structure_material,5,109329,Timber,Timber,True
attr_structure_material,5,109613,Timber,Timber,True
attr_structure_material,5,109622,Timber,Timber,True
attr_structure_material,5,110280,Timber,Timber,True
attr_structure_material,5,110281,Timber,Timber,True
attr_structure_material,5,110285,Timber,Timber,True
attr_structure_material,5,110300,Timber,Timber,True
attr_structure_material,5,110301,Timber,Timber,True
attr_structure_material,5,110821,Timber,Timber,True
attr_structure_material,5,110873,Timber,Timber,True
attr_structure_material,5,110960,Timber,Timber,True
attr_structure_material,5,110972,Timber,Timber,True
attr_structure_material,5,110974,Timber,Timber,True
attr_structure_material,5,110975,Timber,Timber,True
attr_structure_material,5,111003,Timber,Timber,True
attr_structure_material,5,111675,Timber,Timber,True
attr_structure_material,5,111767,Timber,Timber,True
attr_structure_material,5,111791,Timber,Timber,True
attr_structure_material,5,111795,Timber,Timber,True
attr_structure_material,5,111796,Timber,Timber,True
attr_structure_material,5,111800,Timber,Timber,True
attr_structure_material,5,111817,Timber,Timber,True
attr_structure_material,5,112326,Timber,Timber,True
attr_structure_material,5,112965,Timber,Timber,True
attr_structure_material,5,113128,Timber,Timber,True
attr_structure_material,5,113167,Timber,Timber,True
attr_structure_material,5,114560,Timber,Timber,True
attr_structure_material,5,114568,Timber,Timber,True
attr_structure_material,5,114937,Timber,Timber,True
attr_structure_material,5,114958,Timber,Timber,True
attr_structure_material,5,115447,Timber,Timber,True
attr_structure_material,5,116634,Timber,Timber,True
attr_structure_material,5,116765,Timber,Timber,True
attr_structure_material,5,117017,Timber,Timber,True
attr_structure_material,5,117201,Timber,Timber,True
attr_structure_material,5,117537,Timber,Timber,True
attr_structure_material,5,117574,Timber,Timber,True
attr_structure_material,5,118201,Aluminum,Timber,False
attr_structure_material,5,118516,Timber,Timber,True
attr_structure_material,5,120659,Timber,Timber,True
attr_structure_material,5,120660,Timber,Timber,True
attr_structure_material,5,120662,Timber,Timber,True
attr_structure_material,5,120663,Timber,Timber,True
attr_structure_material,5,120665,Timber,Timber,True
attr_structure_material,5,120672,Timber,Timber,True
attr_structure_material,5,120680,Timber,Timber,True
attr_structure_material,5,92011,Timber,Timber,True
attr_structure_material,5,92013,Timber,Timber,True
attr_structure_material,5,120685,Timber,Timber,True
attr_structure_material,5,120689,Timber,Timber,True
attr_structure_material,5,120693,Timber,Timber,True
attr_structure_material,5,120695,Timber,Timber,True
attr_structure_material,5,121247,Timber,Timber,True
attr_structure_material,5,121481,Timber,Timber,True
attr_structure_material,5,121573,Timber,Timber,True
attr_structure_material,5,121584,Timber,Timber,True
attr_structure_material,5,121587,Timber,Timber,True
attr_structure_material,5,121598,Timber,Timber,True
attr_structure_material,5,121672,Timber,Timber,True
attr_structure_material,5,121676,Timber,Timber,True
attr_structure_material,5,121728,Aluminum,Aluminum,True
attr_structure_material,5,121730,Aluminum,Timber,False
attr_structure_material,5,121732,Aluminum,Aluminum,True
attr_structure_material,5,121750,Aluminum,Timber,False
attr_structure_material,5,121779,Timber,Timber,True
attr_structure_material,5,121785,Timber,Timber,True
attr_structure_material,5,121786,Timber,Timber,True
attr_structure_material,5,122368,Timber,Timber,True
attr_structure_material,5,122404,Timber,Timber,True
attr_structure_material,5,122434,Timber,Timber,True
attr_structure_material,5,122699,Timber,Timber,True
attr_structure_material,5,122833,Timber,Timber,True
attr_structure_material,5,122918,Timber,Timber,True
attr_structure_material,5,122976,Timber,Timber,True
attr_structure_material,5,123094,Timber,Timber,True
attr_structure_material,5,123785,Timber,Timber,True
attr_structure_material,5,124739,Timber,Timber,True
attr_structure_material,5,124885,Timber,Timber,True
attr_structure_material,5,126129,Timber,Timber,True
attr_structure_material,5,126687,Timber,Timber,True
attr_structure_material,5,126704,Timber,Timber,True
attr_structure_material,5,126805,Timber,Timber,True
attr_structure_material,5,127142,Timber,Timber,True
attr_structure_material,5,127155,Timber,Timber,True
attr_structure_material,5,127756,Timber,Timber,True
attr_structure_material,5,129401,Timber,Timber,True
attr_structure_material,5,102975,Timber,Timber,True
attr_structure_material,5,107077,Timber,Timber,True
attr_structure_material,5,114045,Timber,Timber,True
attr_structure_material,5,114197,Timber,Timber,True
attr_structure_material,5,114207,Timber,Timber,True
attr_structure_material,5,114262,Timber,Timber,True
attr_structure_material,5,114276,Timber,Timber,True
attr_structure_material,5,114280,Timber,Timber,True
attr_structure_material,5,126795,Timber,Timber,True
attr_structure_material,5,127074,Timber,Timber,True
attr_structure_material,5,128876,Timber,Steel,False
attr_structure_material,5,51537,Timber,Timber,True
attr_structure_material,5,120684,Timber,Timber,True
attr_structure_material,5,46614,Timber,Timber,True
attr_structure_material,5,46928,Timber,Timber,True
attr_structure_material,5,47532,Timber,Timber,True
attr_structure_material,5,47533,Timber,Timber,True
attr_structure_material,5,48112,Timber,Aluminum,False
attr_structure_material,5,48296,Timber,Timber,True
attr_structure_material,5,49057,Steel,Timber,False
attr_structure_material,5,49060,Steel,Timber,False
attr_structure_material,5,51234,Timber,Steel,False
attr_structure_material,5,53798,Timber,Steel,False
attr_structure_material,5,53986,Aluminum,Timber,False
attr_structure_material,5,54324,Steel,Aluminum,False
attr_structure_material,5,55637,Timber,Timber,True
attr_structure_material,5,57117,Timber,Timber,True
attr_structure_material,5,58160,Steel,Aluminum,False
attr_structure_material,5,58163,Timber,Timber,True
attr_structure_material,5,58169,Timber,Timber,True
attr_structure_material,5,58955,Timber,Timber,True
attr_structure_material,5,59060,Timber,Timber,True
attr_structure_material,5,61004,Timber,Timber,True
attr_structure_material,5,62927,Timber,Timber,True
attr_structure_material,5,63068,Aluminum,Aluminum,True
attr_structure_material,5,64110,Timber,Timber,True
attr_structure_material,5,64126,Timber,Timber,True
attr_structure_material,5,64128,Timber,Timber,True
attr_structure_material,5,64129,Timber,Timber,True
attr_structure_material,5,65423,Aluminum,Aluminum,True
attr_structure_material,5,65609,Concrete,Timber,False
attr_structure_material,5,66207,Timber,Timber,True
attr_structure_material,5,81808,Timber,Steel,False
attr_structure_material,5,83154,Timber,Steel,False
attr_structure_material,5,83513,Timber,Concrete,False
attr_structure_material,5,83946,Timber,Timber,True
attr_structure_material,5,86158,Steel,Timber,False
attr_structure_material,5,86518,Steel,Steel,True
attr_structure_material,5,86525,Timber,Steel,False
attr_structure_material,5,87769,Timber,Timber,True
attr_structure_material,5,88818,Timber,Timber,True
attr_structure_material,5,88830,Timber,Timber,True
attr_structure_material,5,88831,Timber,Timber,True
attr_structure_material,5,88869,Timber,Timber,True
attr_structure_material,5,89438,Timber,Timber,True
attr_structure_material,5,89761,Timber,Timber,True
attr_structure_material,5,90424,Steel,Steel,True
attr_structure_material,5,91832,Timber,Timber,True
attr_structure_material,5,92800,Timber,Timber,True
attr_structure_material,5,92854,Steel,Timber,False
attr_structure_material,5,92871,Timber,Timber,True
attr_structure_material,5,93041,Timber,Timber,True
attr_structure_material,5,94170,Timber,Timber,True
attr_structure_material,5,96292,Timber,Timber,True
attr_structure_material,5,96854,Timber,Aluminum,False
attr_structure_material,5,99611,Steel,Steel,True
attr_structure_material,5,99880,Timber,Timber,True
attr_structure_material,5,100252,Timber,Timber,True
attr_structure_material,5,100263,Timber,Timber,True
attr_structure_material,5,100313,Timber,Steel,False
attr_structure_material,5,100747,Timber,Timber,True
attr_structure_material,5,101134,Timber,Timber,True
attr_structure_material,5,102355,Timber,Timber,True
attr_structure_material,5,102422,Timber,Timber,True
attr_structure_material,5,103711,Timber,Timber,True
attr_structure_material,5,106030,Timber,Timber,True
attr_structure_material,5,106032,Timber,Timber,True
attr_structure_material,5,107074,Timber,Timber,True
attr_structure_material,5,107291,Timber,Timber,True
attr_structure_material,5,108040,Timber,Timber,True
attr_structure_material,5,108380,Timber,Steel,False
attr_structure_material,5,108730,Timber,Timber,True
attr_structure_material,5,108731,Timber,Timber,True
attr_structure_material,5,108797,Timber,Steel,False
attr_structure_material,5,109166,Timber,Timber,True
attr_structure_material,5,109535,Timber,Timber,True
attr_structure_material,5,110810,Timber,Timber,True
attr_structure_material,5,113952,Aluminum,Aluminum,True
attr_structure_material,5,114574,Timber,Timber,True
attr_structure_material,5,114768,Steel,Aluminum,False
attr_structure_material,5,114963,Steel,Timber,False
attr_structure_material,5,115209,Timber,Timber,True
attr_structure_material,5,115268,Timber,Timber,True
attr_structure_material,5,116852,Timber,Timber,True
attr_structure_material,5,117211,Aluminum,Aluminum,True
attr_structure_material,5,117221,Aluminum,Aluminum,True
attr_structure_material,5,117222,Aluminum,Aluminum,True
attr_structure_material,5,117339,Timber,Timber,True
attr_structure_material,5,118759,Timber,Timber,True
attr_structure_material,5,118878,Timber,Timber,True
attr_structure_material,5,119099,Steel,Steel,True
attr_structure_material,5,119774,Steel,Timber,False
attr_structure_material,5,119851,Timber,Timber,True
attr_structure_material,5,121698,Timber,Steel,False
attr_structure_material,5,122223,Timber,Timber,True
attr_structure_material,5,122244,Timber,Steel,False
attr_structure_material,5,122444,Steel,Timber,False
attr_structure_material,5,122445,Steel,Timber,False
attr_structure_material,5,122999,Timber,Timber,True
attr_structure_material,5,123139,Timber,Timber,True
attr_structure_material,5,123161,Steel,Timber,False
attr_structure_material,5,123655,Steel,Steel,True
attr_structure_material,5,126334,Steel,Steel,True
attr_structure_material,5,126683,Timber,Aluminum,False
attr_structure_material,5,126740,Timber,Timber,True
attr_structure_material,5,126774,Steel,Aluminum,False
attr_structure_material,5,126801,Aluminum,Aluminum,True
attr_structure_material,5,126914,Timber,Timber,True
attr_structure_material,5,127136,Aluminum,Aluminum,True
attr_structure_material,5,127221,Steel,Timber,False
attr_structure_material,5,127388,Timber,Aluminum,False
attr_structure_material,5,129364,Timber,Timber,True
attr_structure_material,5,54209,Concrete,Steel,False
attr_structure_material,5,54507,Concrete,Timber,False
attr_structure_material,5,56218,Timber,Timber,True
attr_structure_material,5,66056,Timber,Concrete,False
attr_structure_material,5,66957,Timber,Timber,True
attr_structure_material,5,68020,Timber,Concrete,False
attr_structure_material,5,68021,Timber,Timber,True
attr_structure_material,5,82850,Timber,Timber,True
attr_structure_material,5,117398,Timber,Timber,True
attr_structure_material,5,129405,Steel,Steel,True
